mRID,aliasName,description,name,Names,nominalVoltage,ConductingEquipment,NetworkAssetDeployment,TopologicalNode,TransformerEnds,VoltageLevel
"_C091A979-AA6F-45DC-846C-2F0256A63939","","","BaseV_34.5000","",34500,"[{'@type': {'EnergyConsumer'}, '@id': {'_41D30B47-030B-4242-B926-A1A7537886AC'}}, {'@type': {'EnergyConsumer'}, '@id': {'_4E4CC4DC-A2AF-4299-8A5D-27F7C6602593'}}]","","","[{'@type': {'PowerTransformerEnd'}, '@id': {'_010EDE84-E5A5-404D-8F0E-96D97EADB4A5'}}, {'@type': {'PowerTransformerEnd'}, '@id': {'_491EE8B9-8D1E-4732-82F4-5CBC2463DF67'}}, {'@type': {'PowerTransformerEnd'}, '@id': {'_B9EB6911-8980-4356-B965-19C75D7032C8'}}, {'@type': {'PowerTransformerEnd'}, '@id': {'_CAE586B4-213B-4205-AFCB-47A6915C39F8'}}, {'@type': {'PowerTransformerEnd'}, '@id': {'_2E58A13C-3F3E-4B95-8D06-7EF5CEB59871'}}, {'@type': {'PowerTransformerEnd'}, '@id': {'_31B1DF01-AD15-4AC0-87C3-C7065F8015C7'}}]","[{'@type': {'VoltageLevel'}, '@id': {'_2D26FF59-D009-4584-9DBC-BA88403E87DB'}}, {'@type': {'VoltageLevel'}, '@id': {'_D71C0860-1D62-4ECD-8239-6949B849DD8B'}}]"
"_03C398DD-5CD0-4DA8-BB6B-457CC1169E5D","","","BaseV_4.1600","",4160,"[{'@type': {'Breaker'}, '@id': {'_AEC27F44-AA56-47BE-B3F1-2F5D6C6EEB3E'}}, {'@type': {'Breaker'}, '@id': {'_C173C171-30D6-45FE-82E6-274C3B8AFD22'}}, {'@type': {'EnergyConsumer'}, '@id': {'_04ECFD72-EA3E-47F2-81A9-2C6083C87A3B'}}, {'@type': {'Breaker'}, '@id': {'_536036DC-B1AE-4185-A41C-DB82E003DA32'}}, {'@type': {'Breaker'}, '@id': {'_EE4088E9-BF5B-429B-9DEB-1C2CA1856023'}}, {'@type': {'EnergyConsumer'}, '@id': {'_76CD87C0-7C66-4980-99DC-2FC3009E1F4A'}}, {'@type': {'EnergyConsumer'}, '@id': {'_59AD3145-387C-43C9-ABE2-450D056B4A87'}}, {'@type': {'EnergyConsumer'}, '@id': {'_8BE6E4B1-5D80-4251-AC21-8B4F535BB1C7'}}]","","","[{'@type': {'PowerTransformerEnd'}, '@id': {'_AE4B698C-ADE4-4C05-B166-6634C344EB05'}}, {'@type': {'PowerTransformerEnd'}, '@id': {'_8F7DFE87-FF91-46E9-A921-D2A2C92E5B39'}}]","[{'@type': {'VoltageLevel'}, '@id': {'_32FF3457-F88F-4D4C-9026-95166B58B282'}}]"
"_3F53ADB0-BF5C-4D1F-8B8A-4AA7391F743F","","","BaseV_115.0000","",115000,"[{'@type': {'ACLineSegment'}, '@id': {'_70FC83AE-8A6B-40D5-A6D3-0136344B01EE'}}]","","","[{'@type': {'PowerTransformerEnd'}, '@id': {'_6A5164C0-165D-4C23-AAFF-767791021CEF'}}, {'@type': {'PowerTransformerEnd'}, '@id': {'_6C84AC2F-35F9-47F8-BA22-B45CC7F69F4F'}}, {'@type': {'PowerTransformerEnd'}, '@id': {'_81506358-1C02-4407-B510-28C0D8A4E14E'}}, {'@type': {'PowerTransformerEnd'}, '@id': {'_729834B2-65C5-4AE6-8A45-E4847B251462'}}]","[{'@type': {'VoltageLevel'}, '@id': {'_87F09996-B5CC-451F-A012-8195E55E4A32'}}, {'@type': {'VoltageLevel'}, '@id': {'_E4396829-62BB-4E93-A3FF-823BD6EA9966'}}]"
"_91E72B6A-E509-4A00-B80E-723CF1324E43","","","BaseV_230.0000","",230000,"[{'@type': {'Breaker'}, '@id': {'_276809DF-6493-4DAE-A7BB-AD78A5F0DA95'}}, {'@type': {'ACLineSegment'}, '@id': {'_74E8AB75-1F55-494B-B534-96E138B3E372'}}, {'@type': {'EnergySource'}, '@id': {'_32E2D453-1D77-445B-AEE3-C7D24CCDE684'}}]","","","[{'@type': {'PowerTransformerEnd'}, '@id': {'_E14B2A5D-A584-4187-BAB5-6A707D919E4C'}}, {'@type': {'PowerTransformerEnd'}, '@id': {'_E4C3CEBC-C9C8-4F49-9ED4-894F222DD388'}}]","[{'@type': {'VoltageLevel'}, '@id': {'_BB020444-ED1C-4F8A-B47B-1EC9EAB81445'}}, {'@type': {'VoltageLevel'}, '@id': {'_C1965A85-9744-405D-BCF8-E17ADF0D320A'}}]"
"_E948842C-AAF0-4D10-80F5-C5A27B974348","","","BaseV_12.4700","",12470,"[{'@type': {'EnergyConsumer'}, '@id': {'_843C8A05-7267-41AB-9C33-4C1128FA13A5'}}, {'@type': {'EnergyConsumer'}, '@id': {'_379B4089-777D-4023-B32D-0F8A837BF0BC'}}, {'@type': {'Breaker'}, '@id': {'_97238F75-6FC2-4128-82AB-D39C0875449F'}}, {'@type': {'Breaker'}, '@id': {'_63952C14-0121-4EC1-B001-29B7FA4FEB59'}}, {'@type': {'Breaker'}, '@id': {'_C63A16AB-72F2-4A84-905F-DA9462CF9943'}}, {'@type': {'Breaker'}, '@id': {'_4E444BD4-AC52-49BC-8520-FE3372B8CD5F'}}, {'@type': {'EnergyConsumer'}, '@id': {'_60CB1033-6383-4959-9241-97B1E1786D8B'}}, {'@type': {'EnergyConsumer'}, '@id': {'_69299102-B967-4D38-B382-A8E3C12745F1'}}, {'@type': {'EnergyConsumer'}, '@id': {'_ABC44803-D17C-4399-902D-1845EFFC6843'}}, {'@type': {'Breaker'}, '@id': {'_AD2D6921-A1B0-4346-B941-365501A472CE'}}, {'@type': {'Breaker'}, '@id': {'_6EB19C31-B0A1-434A-BC13-A176A83FAD29'}}, {'@type': {'Breaker'}, '@id': {'_90B9E60D-92E8-48AD-A5BB-430685A6D52E'}}, {'@type': {'EnergyConsumer'}, '@id': {'_CA84A9C3-56C0-42DE-B31F-22EB8E56570D'}}, {'@type': {'EnergyConsumer'}, '@id': {'_3BD2AF68-6BE0-4B32-8F42-7C96B62A21F4'}}]","","","[{'@type': {'PowerTransformerEnd'}, '@id': {'_7D66AB5A-8A56-43DE-AF53-406A6B081A74'}}, {'@type': {'PowerTransformerEnd'}, '@id': {'_6139CBB9-7304-4104-80D9-21BAD169BF41'}}]","[{'@type': {'VoltageLevel'}, '@id': {'_F9A52713-FEA8-4002-9AF7-72B85DC5C748'}}]"
