mRID,aliasName,description,name,Names,AssetDatasheet,Assets,ConfigurationEvent,Controls,Location,Measurements,OperatingShare,PSRType,ReportingGroup,aggregate,inService,networkAnalysisEnabled,normallyInService,AdditionalEquipmentContainer,EquipmentContainer,Faults,OperationalLimitSet,UsagePoints,BaseVoltage,SvStatus,Terminals,normalOpen,open,ratedCurrent,retained,CompositeSwitch,SvSwitch,SwitchPhase,SwitchSchedules,breakingCapacity,inTransitTime
"_90B9E60D-92E8-48AD-A5BB-430685A6D52E","","","s7_b1","","","","","","{'@type': {'Location'}, '@id': {'_19679A32-A363-4CEE-8BDD-0F4DAD653D68'}}","","","","","","","","","","{'@type': {'Feeder'}, '@id': {'_9E985101-27AD-4FE4-B36A-EBECC98CDFA1'}}","","","","{'@type': {'BaseVoltage'}, '@id': {'_E948842C-AAF0-4D10-80F5-C5A27B974348'}}","","[{'@type': {'Terminal'}, '@id': {'_A06CE692-4BBE-4FD0-A490-D8B1D9302748'}}, {'@type': {'Terminal'}, '@id': {'_470114C1-5165-40AD-876D-89F29CAF26A5'}}]","false","false",400,"true","","","","",400,
"_63952C14-0121-4EC1-B001-29B7FA4FEB59","","","s7_b2","","","","","","{'@type': {'Location'}, '@id': {'_9ED6334F-519E-4E3D-8E83-67529C842A79'}}","","","","","","","","","","{'@type': {'Feeder'}, '@id': {'_9E985101-27AD-4FE4-B36A-EBECC98CDFA2'}}","","","","{'@type': {'BaseVoltage'}, '@id': {'_E948842C-AAF0-4D10-80F5-C5A27B974348'}}","","[{'@type': {'Terminal'}, '@id': {'_4C7403C7-9B50-463C-9012-67F15BD41A67'}}, {'@type': {'Terminal'}, '@id': {'_90518AEA-F8D0-4C03-960E-980E8C112289'}}]","false","false",400,"true","","","","",400,
"_6EB19C31-B0A1-434A-BC13-A176A83FAD29","","","s7_b3","","","","","","{'@type': {'Location'}, '@id': {'_13668973-A8CC-4A22-BA26-95809641C0F9'}}","","","","","","","","","","{'@type': {'Feeder'}, '@id': {'_9E985101-27AD-4FE4-B36A-EBECC98CDFA3'}}","","","","{'@type': {'BaseVoltage'}, '@id': {'_E948842C-AAF0-4D10-80F5-C5A27B974348'}}","","[{'@type': {'Terminal'}, '@id': {'_87739A68-1A8A-4881-BC35-39F3B6038C38'}}, {'@type': {'Terminal'}, '@id': {'_8D9100BC-5106-4BF1-8B43-4F509A5A0673'}}]","false","false",400,"true","","","","",400,
"_C63A16AB-72F2-4A84-905F-DA9462CF9943","","","s7_b4","","","","","","{'@type': {'Location'}, '@id': {'_B959F003-24D1-441C-8B4E-0FB030A68612'}}","","","","","","","","","","{'@type': {'Feeder'}, '@id': {'_9E985101-27AD-4FE4-B36A-EBECC98CDFA4'}}","","","","{'@type': {'BaseVoltage'}, '@id': {'_E948842C-AAF0-4D10-80F5-C5A27B974348'}}","","[{'@type': {'Terminal'}, '@id': {'_CF6A23E2-87B3-4110-B0AD-C56273694437'}}, {'@type': {'Terminal'}, '@id': {'_FE9F2923-29AC-4321-A35F-9B047244AF1C'}}]","false","false",400,"true","","","","",400,
"_4E444BD4-AC52-49BC-8520-FE3372B8CD5F","","","s8_b1","","","","","","{'@type': {'Location'}, '@id': {'_6D81FC9B-B507-4F35-ADB9-8BC803D9E2CE'}}","","","","","","","","","","{'@type': {'Feeder'}, '@id': {'_9E985101-27AD-4FE4-B36A-EBECC98CDFA5'}}","","","","{'@type': {'BaseVoltage'}, '@id': {'_E948842C-AAF0-4D10-80F5-C5A27B974348'}}","","[{'@type': {'Terminal'}, '@id': {'_06A8FA2A-8D9D-43E3-9B2F-0FD3F50B3D23'}}, {'@type': {'Terminal'}, '@id': {'_D0CA21D1-22E7-490F-B378-8CCEA6440594'}}]","false","false",400,"true","","","","",400,
"_AD2D6921-A1B0-4346-B941-365501A472CE","","","s8_b2","","","","","","{'@type': {'Location'}, '@id': {'_9EC4F392-19D5-4870-B434-C3E87E366341'}}","","","","","","","","","","{'@type': {'Feeder'}, '@id': {'_9E985101-27AD-4FE4-B36A-EBECC98CDFA6'}}","","","","{'@type': {'BaseVoltage'}, '@id': {'_E948842C-AAF0-4D10-80F5-C5A27B974348'}}","","[{'@type': {'Terminal'}, '@id': {'_B440C8CB-F7A2-4D2C-B539-9532C65FBC16'}}, {'@type': {'Terminal'}, '@id': {'_62B57B1F-A519-4FFB-B5DF-424583C3FD8D'}}]","false","false",400,"true","","","","",400,
"_97238F75-6FC2-4128-82AB-D39C0875449F","","","s8_b3","","","","","","{'@type': {'Location'}, '@id': {'_4699B923-D89F-4922-8928-75E66F1C44E3'}}","","","","","","","","","","{'@type': {'Feeder'}, '@id': {'_9E985101-27AD-4FE4-B36A-EBECC98CDFA7'}}","","","","{'@type': {'BaseVoltage'}, '@id': {'_E948842C-AAF0-4D10-80F5-C5A27B974348'}}","","[{'@type': {'Terminal'}, '@id': {'_2F62FA93-4F39-443E-A559-8A86D89BBF11'}}, {'@type': {'Terminal'}, '@id': {'_F4EFB24D-A4E4-4EFC-A7EC-84AE6E9F7B67'}}]","false","false",400,"true","","","","",400,
"_536036DC-B1AE-4185-A41C-DB82E003DA32","","","s9_b1","","","","","","{'@type': {'Location'}, '@id': {'_0E0F99D5-7AF8-471D-AF68-4E6082A88BC5'}}","","","","","","","","","","{'@type': {'Feeder'}, '@id': {'_9E985101-27AD-4FE4-B36A-EBECC98CDFB1'}}","","","","{'@type': {'BaseVoltage'}, '@id': {'_03C398DD-5CD0-4DA8-BB6B-457CC1169E5D'}}","","[{'@type': {'Terminal'}, '@id': {'_DF993964-E3E1-4279-BD75-133BDA0460CC'}}, {'@type': {'Terminal'}, '@id': {'_40524A25-9B3A-4C36-8162-C56633C61187'}}]","false","false",400,"true","","","","",400,
"_AEC27F44-AA56-47BE-B3F1-2F5D6C6EEB3E","","","s9_b2","","","","","","{'@type': {'Location'}, '@id': {'_1206B795-C167-4F77-B13B-696B1DD1FFF7'}}","","","","","","","","","","{'@type': {'Feeder'}, '@id': {'_9E985101-27AD-4FE4-B36A-EBECC98CDFB2'}}","","","","{'@type': {'BaseVoltage'}, '@id': {'_03C398DD-5CD0-4DA8-BB6B-457CC1169E5D'}}","","[{'@type': {'Terminal'}, '@id': {'_48125BCA-9AAE-481A-AB0C-87F7936CB46D'}}, {'@type': {'Terminal'}, '@id': {'_730B2B49-DDCD-457A-808B-710FA6F72F31'}}]","false","false",400,"true","","","","",400,
"_EE4088E9-BF5B-429B-9DEB-1C2CA1856023","","","s10_b1","","","","","","{'@type': {'Location'}, '@id': {'_C4697A27-D379-4835-8796-E66C41EC12AD'}}","","","","","","","","","","{'@type': {'Feeder'}, '@id': {'_9E985101-27AD-4FE4-B36A-EBECC98CDFB3'}}","","","","{'@type': {'BaseVoltage'}, '@id': {'_03C398DD-5CD0-4DA8-BB6B-457CC1169E5D'}}","","[{'@type': {'Terminal'}, '@id': {'_8383F73D-E404-4E37-AEA6-3299FF168C6D'}}, {'@type': {'Terminal'}, '@id': {'_9F1726BE-84D8-4F70-AD88-E984F4D63ED6'}}]","false","false",400,"true","","","","",400,
"_C173C171-30D6-45FE-82E6-274C3B8AFD22","","","s10_b2","","","","","","{'@type': {'Location'}, '@id': {'_C8FE341B-D8C6-44C6-B2AE-7B760A2E2589'}}","","","","","","","","","","{'@type': {'Feeder'}, '@id': {'_9E985101-27AD-4FE4-B36A-EBECC98CDFB4'}}","","","","{'@type': {'BaseVoltage'}, '@id': {'_03C398DD-5CD0-4DA8-BB6B-457CC1169E5D'}}","","[{'@type': {'Terminal'}, '@id': {'_AFEBE33D-E98D-44A5-AB25-6276DB9B9725'}}, {'@type': {'Terminal'}, '@id': {'_E6913E18-4D6E-42AE-A9B7-E82C07C3C751'}}]","false","false",400,"true","","","","",400,
"_276809DF-6493-4DAE-A7BB-AD78A5F0DA95","","","hv_bk_1","","","","","","{'@type': {'Location'}, '@id': {'_6A85EE07-4564-475C-896E-C8D4E6832607'}}","","","","","","","","","","{'@type': {'VoltageLevel'}, '@id': {'_BB020444-ED1C-4F8A-B47B-1EC9EAB81445'}}","","","","{'@type': {'BaseVoltage'}, '@id': {'_91E72B6A-E509-4A00-B80E-723CF1324E43'}}","","[{'@type': {'Terminal'}, '@id': {'_88C03456-1D1A-4B9C-BF26-1C6401DFCF2F'}}, {'@type': {'Terminal'}, '@id': {'_CE6DD7CA-00BF-483F-AEB3-6EFCB2658A3D'}}]","false","false",400,"true","","","","",400,
