mRID,aliasName,description,name,Names,ConnectivityNodeContainer,OperationalLimitSet,SvInjection,SvVoltage,Terminals,TopologicalNode
"_B7A60D0E-5129-47B3-8B0E-00DD217FA194","","","bus_7_12_47_f1","","{'@type': {'Feeder'}, '@id': {'_9E985101-27AD-4FE4-B36A-EBECC98CDFA1'}}","[{'@type': {'OperationalLimitSet'}, '@id': {'_6D333522-4984-4B4E-BE3B-AC5ECC98F883'}}]","","","[{'@type': {'Terminal'}, '@id': {'_A06CE692-4BBE-4FD0-A490-D8B1D9302748'}}, {'@type': {'Terminal'}, '@id': {'_0E10D636-F47E-4AD9-B59A-90D4E8484C88'}}, {'@type': {'Terminal'}, '@id': {'_3F6DFA38-1580-4D5C-959C-5DF61F4C8336'}}]","{'@type': {'TopologicalNode'}, '@id': {'_239F05D6-B663-4D9E-86CD-625045F8B88D'}}"
"_26E1BBB1-6339-41CC-BFE9-658FECE8AD06","","","bus_7_12_47_f2","","{'@type': {'Feeder'}, '@id': {'_9E985101-27AD-4FE4-B36A-EBECC98CDFA2'}}","[{'@type': {'OperationalLimitSet'}, '@id': {'_6D333522-4984-4B4E-BE3B-AC5ECC98F883'}}]","","","[{'@type': {'Terminal'}, '@id': {'_90518AEA-F8D0-4C03-960E-980E8C112289'}}, {'@type': {'Terminal'}, '@id': {'_8CD8D308-1E5E-4ACC-AAB0-2BAE4173CE3F'}}]","{'@type': {'TopologicalNode'}, '@id': {'_5FF12953-5A85-46E9-BEFE-ABEEEDC4EBE2'}}"
"_D491FA14-7DD1-438F-B132-7F4917AFCF19","","","bus_7_12_47_f3","","{'@type': {'Feeder'}, '@id': {'_9E985101-27AD-4FE4-B36A-EBECC98CDFA3'}}","[{'@type': {'OperationalLimitSet'}, '@id': {'_6D333522-4984-4B4E-BE3B-AC5ECC98F883'}}]","","","[{'@type': {'Terminal'}, '@id': {'_133BCD1A-E123-4ECF-87DF-8747AE335523'}}, {'@type': {'Terminal'}, '@id': {'_8D9100BC-5106-4BF1-8B43-4F509A5A0673'}}, {'@type': {'Terminal'}, '@id': {'_41CFE2FC-3FEA-4BB4-8982-6228F7CFD3EF'}}]","{'@type': {'TopologicalNode'}, '@id': {'_0AF5AC03-0B72-4D1F-BCC9-F62B4006E358'}}"
"_F819B704-AC99-4950-B551-DCA6C7DEE711","","","bus_7_12_47_f4","","{'@type': {'Feeder'}, '@id': {'_9E985101-27AD-4FE4-B36A-EBECC98CDFA4'}}","[{'@type': {'OperationalLimitSet'}, '@id': {'_6D333522-4984-4B4E-BE3B-AC5ECC98F883'}}]","","","[{'@type': {'Terminal'}, '@id': {'_76AE3614-F370-4478-9FF3-FA1DF50F759E'}}, {'@type': {'Terminal'}, '@id': {'_224981B8-8D26-4FA5-A0FC-A90CFB153A79'}}, {'@type': {'Terminal'}, '@id': {'_FE9F2923-29AC-4321-A35F-9B047244AF1C'}}]","{'@type': {'TopologicalNode'}, '@id': {'_23DBCBBF-47D6-48EF-B7FE-8AB9A6D0EFC6'}}"
"_922BDBF2-A4AD-454B-922B-9BBC680FCEA7","","","bus_8_12_47_f1","","{'@type': {'Feeder'}, '@id': {'_9E985101-27AD-4FE4-B36A-EBECC98CDFA5'}}","[{'@type': {'OperationalLimitSet'}, '@id': {'_6D333522-4984-4B4E-BE3B-AC5ECC98F883'}}]","","","[{'@type': {'Terminal'}, '@id': {'_D0CA21D1-22E7-490F-B378-8CCEA6440594'}}, {'@type': {'Terminal'}, '@id': {'_D12C4716-AB88-4DC4-A8AC-D06DF2DC3AF6'}}, {'@type': {'Terminal'}, '@id': {'_7D545789-C08D-4A7B-9AA4-9E13BE5C9857'}}]","{'@type': {'TopologicalNode'}, '@id': {'_EBD39FD8-DEC8-4C3F-9EA7-62D31FB80C25'}}"
"_38118D32-5E9B-4A0E-A360-F861FFA1CBF9","","","bus_8_12_47_f2","","{'@type': {'Feeder'}, '@id': {'_9E985101-27AD-4FE4-B36A-EBECC98CDFA6'}}","[{'@type': {'OperationalLimitSet'}, '@id': {'_6D333522-4984-4B4E-BE3B-AC5ECC98F883'}}]","","","[{'@type': {'Terminal'}, '@id': {'_190A9D3C-93B5-4501-B30A-3515392FD61A'}}, {'@type': {'Terminal'}, '@id': {'_890B2A60-D64A-4ADE-BBA8-CE80527629E7'}}, {'@type': {'Terminal'}, '@id': {'_B440C8CB-F7A2-4D2C-B539-9532C65FBC16'}}]","{'@type': {'TopologicalNode'}, '@id': {'_A34F4842-0DFD-4FE1-9102-41734E4E37F2'}}"
"_5AE2E30B-6A55-4FA7-BF02-35241CEC0C5B","","","bus_8_12_47_f3","","{'@type': {'Feeder'}, '@id': {'_9E985101-27AD-4FE4-B36A-EBECC98CDFA7'}}","[{'@type': {'OperationalLimitSet'}, '@id': {'_6D333522-4984-4B4E-BE3B-AC5ECC98F883'}}]","","","[{'@type': {'Terminal'}, '@id': {'_23987703-ECCC-4239-A46B-B657E65180D8'}}, {'@type': {'Terminal'}, '@id': {'_F4EFB24D-A4E4-4EFC-A7EC-84AE6E9F7B67'}}, {'@type': {'Terminal'}, '@id': {'_B007086A-028B-47EA-ADCF-D607FAEC45B0'}}]","{'@type': {'TopologicalNode'}, '@id': {'_93115917-AC6B-400B-B147-4D9424B10967'}}"
"_79930179-4C61-4DCD-9097-45AC7DE883D6","","","bus_9_4_f1","","{'@type': {'Feeder'}, '@id': {'_9E985101-27AD-4FE4-B36A-EBECC98CDFB1'}}","[{'@type': {'OperationalLimitSet'}, '@id': {'_7B32F7CF-9AB8-4AB3-BAA6-21C5D78EA043'}}]","","","[{'@type': {'Terminal'}, '@id': {'_901EF8C7-E1DC-4EC9-BC69-EF3A64231E4A'}}, {'@type': {'Terminal'}, '@id': {'_40524A25-9B3A-4C36-8162-C56633C61187'}}, {'@type': {'Terminal'}, '@id': {'_A4D55BFF-977B-4A68-A9AA-71C3DC8A7327'}}]","{'@type': {'TopologicalNode'}, '@id': {'_A4A5732E-9D6C-4B28-A2BE-4F7621A8C58C'}}"
"_D9255620-8A04-49C4-A213-F3F9E480F18E","","","bus_9_4_f2","","{'@type': {'Feeder'}, '@id': {'_9E985101-27AD-4FE4-B36A-EBECC98CDFB2'}}","[{'@type': {'OperationalLimitSet'}, '@id': {'_7B32F7CF-9AB8-4AB3-BAA6-21C5D78EA043'}}]","","","[{'@type': {'Terminal'}, '@id': {'_730B2B49-DDCD-457A-808B-710FA6F72F31'}}, {'@type': {'Terminal'}, '@id': {'_1CB66D17-2339-4DDD-B6D7-E42BE4EC5BF5'}}, {'@type': {'Terminal'}, '@id': {'_2986B3B6-AE13-4933-93C5-22B5C2007FFC'}}]","{'@type': {'TopologicalNode'}, '@id': {'_4026F258-1CE0-4A2B-B869-3A840215ED05'}}"
"_7D70A3D4-E20C-4B73-8FAC-8996CC361E20","","","bus_10_4_f1","","{'@type': {'Feeder'}, '@id': {'_9E985101-27AD-4FE4-B36A-EBECC98CDFB3'}}","[{'@type': {'OperationalLimitSet'}, '@id': {'_7B32F7CF-9AB8-4AB3-BAA6-21C5D78EA043'}}]","","","[{'@type': {'Terminal'}, '@id': {'_8383F73D-E404-4E37-AEA6-3299FF168C6D'}}, {'@type': {'Terminal'}, '@id': {'_0B894485-EE80-4D93-AC02-8E039F321CCD'}}, {'@type': {'Terminal'}, '@id': {'_E5254241-0A1E-4F1B-AD14-7E2BF6F31E5D'}}]","{'@type': {'TopologicalNode'}, '@id': {'_084E0A22-775F-46BA-90D2-0D5F0773DDA9'}}"
"_4664F7E9-D74E-4D39-91B1-A700D4D9F6F8","","","bus_10_4_f2","","{'@type': {'Feeder'}, '@id': {'_9E985101-27AD-4FE4-B36A-EBECC98CDFB4'}}","[{'@type': {'OperationalLimitSet'}, '@id': {'_7B32F7CF-9AB8-4AB3-BAA6-21C5D78EA043'}}]","","","[{'@type': {'Terminal'}, '@id': {'_E6913E18-4D6E-42AE-A9B7-E82C07C3C751'}}, {'@type': {'Terminal'}, '@id': {'_5A7CE8C0-CC5E-4AFE-92CF-F2F1BE4BEEC8'}}, {'@type': {'Terminal'}, '@id': {'_D2B982AA-B084-4B4D-9140-9DBEB4FAF5DF'}}]","{'@type': {'TopologicalNode'}, '@id': {'_65489397-653A-4305-B45B-1B03BC010177'}}"
"_7E76273A-9AA4-4C8B-B6A3-B47CA3C3B5F2","","","bus_6_34_5kv","","{'@type': {'VoltageLevel'}, '@id': {'_2D26FF59-D009-4584-9DBC-BA88403E87DB'}}","[{'@type': {'OperationalLimitSet'}, '@id': {'_999D43F6-20CE-4045-96F4-7A52447A3AB0'}}]","","","[{'@type': {'Terminal'}, '@id': {'_48ED3313-8E3C-4FC6-B595-4C0EC5791CE9'}}, {'@type': {'Terminal'}, '@id': {'_D01D53CB-A351-43F4-8B34-2B8E4E36CBF0'}}, {'@type': {'Terminal'}, '@id': {'_28A4D8C4-19EF-4663-937D-74C2878E935C'}}, {'@type': {'Terminal'}, '@id': {'_73322CC2-E641-4C82-ADAF-13A556F5D72C'}}]","{'@type': {'TopologicalNode'}, '@id': {'_9657A1F4-5032-45B6-B6B5-38EF19CA6A77'}}"
"_2D0DB373-22C7-4529-88AD-197B9FB5CBA8","","","bus_9_4kv","","{'@type': {'VoltageLevel'}, '@id': {'_32FF3457-F88F-4D4C-9026-95166B58B282'}}","[{'@type': {'OperationalLimitSet'}, '@id': {'_7B32F7CF-9AB8-4AB3-BAA6-21C5D78EA043'}}]","","","[{'@type': {'Terminal'}, '@id': {'_DF993964-E3E1-4279-BD75-133BDA0460CC'}}, {'@type': {'Terminal'}, '@id': {'_EE6FFDF6-B0FB-4365-8BBE-CE62E5D17F99'}}, {'@type': {'Terminal'}, '@id': {'_48125BCA-9AAE-481A-AB0C-87F7936CB46D'}}]","{'@type': {'TopologicalNode'}, '@id': {'_55720DFD-05BD-4662-BBEE-0131D62E7D81'}}"
"_3C88781D-9073-443B-919A-C076A68AF5D5","","","bus_10_4kv","","{'@type': {'VoltageLevel'}, '@id': {'_32FF3457-F88F-4D4C-9026-95166B58B282'}}","[{'@type': {'OperationalLimitSet'}, '@id': {'_7B32F7CF-9AB8-4AB3-BAA6-21C5D78EA043'}}]","","","[{'@type': {'Terminal'}, '@id': {'_AFEBE33D-E98D-44A5-AB25-6276DB9B9725'}}, {'@type': {'Terminal'}, '@id': {'_9F1726BE-84D8-4F70-AD88-E984F4D63ED6'}}, {'@type': {'Terminal'}, '@id': {'_7A85776F-6F67-4A84-A9FB-4B8E70EBD735'}}]","{'@type': {'TopologicalNode'}, '@id': {'_AA07528C-D2A1-47E7-BA98-B126D91F3858'}}"
"_448425EB-BED8-4D48-AD01-45CD3FD3F589","","","bus_4_115kv","","{'@type': {'VoltageLevel'}, '@id': {'_87F09996-B5CC-451F-A012-8195E55E4A32'}}","[{'@type': {'OperationalLimitSet'}, '@id': {'_7E3D8626-3504-4F34-AC8E-DF89BA545C38'}}]","","","[{'@type': {'Terminal'}, '@id': {'_85714C26-0AF2-4F81-B6D9-DAB0611CD20C'}}, {'@type': {'Terminal'}, '@id': {'_031EF2DB-7182-447B-9A94-4E5556E22569'}}, {'@type': {'Terminal'}, '@id': {'_8CD17211-5F45-4D3E-8FBA-E0968338E142'}}]","{'@type': {'TopologicalNode'}, '@id': {'_328CFB09-9705-4E7B-B424-60E668E83686'}}"
"_D83FEB64-24C1-42BA-8DEE-D7E1E226BC26","","","bus_1_230kv_gen","","{'@type': {'VoltageLevel'}, '@id': {'_BB020444-ED1C-4F8A-B47B-1EC9EAB81445'}}","[{'@type': {'OperationalLimitSet'}, '@id': {'_00A857E9-F993-40B7-85A3-8A5B62DF2677'}}]","","","[{'@type': {'Terminal'}, '@id': {'_88C03456-1D1A-4B9C-BF26-1C6401DFCF2F'}}, {'@type': {'Terminal'}, '@id': {'_F8D273C9-59EC-4792-91B8-33E198655691'}}]","{'@type': {'TopologicalNode'}, '@id': {'_BD5BD9DA-BFC4-476C-8BEC-A305D7BF5EF1'}}"
"_8C92653F-13A3-4E63-BB77-2287ACA2CBB9","","","bus_1_230kv","","{'@type': {'VoltageLevel'}, '@id': {'_BB020444-ED1C-4F8A-B47B-1EC9EAB81445'}}","[{'@type': {'OperationalLimitSet'}, '@id': {'_00A857E9-F993-40B7-85A3-8A5B62DF2677'}}]","","","[{'@type': {'Terminal'}, '@id': {'_E868B94F-572B-4745-B2B6-204E077A83E4'}}, {'@type': {'Terminal'}, '@id': {'_BBEB716A-1F07-4696-953E-902E81281D0D'}}, {'@type': {'Terminal'}, '@id': {'_CE6DD7CA-00BF-483F-AEB3-6EFCB2658A3D'}}, {'@type': {'Terminal'}, '@id': {'_E36CDCD0-B8E5-45E7-B558-0792E1A508ED'}}]","{'@type': {'TopologicalNode'}, '@id': {'_FE19348A-6A43-404C-AC16-B275F028D906'}}"
"_8926086B-6E02-4DB1-AA63-7A2DE6988437","","","bus_2_230kv","","{'@type': {'VoltageLevel'}, '@id': {'_C1965A85-9744-405D-BCF8-E17ADF0D320A'}}","[{'@type': {'OperationalLimitSet'}, '@id': {'_00A857E9-F993-40B7-85A3-8A5B62DF2677'}}]","","","[{'@type': {'Terminal'}, '@id': {'_A7757559-CD54-430D-8166-968EA543F453'}}, {'@type': {'Terminal'}, '@id': {'_3D5F8757-D9BE-48CE-9922-59CA945366F9'}}]","{'@type': {'TopologicalNode'}, '@id': {'_1AD5A91A-7362-49F6-8082-6D9DBCDA5B94'}}"
"_8D00F697-47DB-4172-9FF1-FF048EDFA504","","","bus_5_34_5kv","","{'@type': {'VoltageLevel'}, '@id': {'_D71C0860-1D62-4ECD-8239-6949B849DD8B'}}","[{'@type': {'OperationalLimitSet'}, '@id': {'_999D43F6-20CE-4045-96F4-7A52447A3AB0'}}]","","","[{'@type': {'Terminal'}, '@id': {'_2BF739C9-1B07-4844-B87C-EF9E602C9F76'}}, {'@type': {'Terminal'}, '@id': {'_078DD663-6B2A-4462-A729-7C63899288F5'}}, {'@type': {'Terminal'}, '@id': {'_56194C55-EFC3-4888-9E92-374369DDA60E'}}, {'@type': {'Terminal'}, '@id': {'_6A5FE826-2BCE-4E14-A77D-76305489DC26'}}, {'@type': {'Terminal'}, '@id': {'_96115BFF-7F1E-4104-A8AB-2234ED76D39A'}}]","{'@type': {'TopologicalNode'}, '@id': {'_A55FF8F5-FF5E-4AE7-8CBD-F0AA2A4F6443'}}"
"_0D55BF72-F120-4F78-BB1C-BEA724891508","","","bus_3_115kv","","{'@type': {'VoltageLevel'}, '@id': {'_E4396829-62BB-4E93-A3FF-823BD6EA9966'}}","[{'@type': {'OperationalLimitSet'}, '@id': {'_7E3D8626-3504-4F34-AC8E-DF89BA545C38'}}]","","","[{'@type': {'Terminal'}, '@id': {'_93EC5DAB-B4C6-4DA5-BE58-86AA3A88225D'}}, {'@type': {'Terminal'}, '@id': {'_1CF9A8C8-3034-4FC8-B42F-5FD6A4C5A3D0'}}, {'@type': {'Terminal'}, '@id': {'_9DD45724-4188-4535-B049-0563E012935F'}}]","{'@type': {'TopologicalNode'}, '@id': {'_CEED142A-2277-4394-A4D0-B298C94FB1CA'}}"
"_7E6D4591-3F54-4028-8CC3-53A36552D78A","","","bus_8_12_47kv","","{'@type': {'VoltageLevel'}, '@id': {'_F9A52713-FEA8-4002-9AF7-72B85DC5C748'}}","[{'@type': {'OperationalLimitSet'}, '@id': {'_6D333522-4984-4B4E-BE3B-AC5ECC98F883'}}]","","","[{'@type': {'Terminal'}, '@id': {'_06A8FA2A-8D9D-43E3-9B2F-0FD3F50B3D23'}}, {'@type': {'Terminal'}, '@id': {'_62B57B1F-A519-4FFB-B5DF-424583C3FD8D'}}, {'@type': {'Terminal'}, '@id': {'_2F62FA93-4F39-443E-A559-8A86D89BBF11'}}, {'@type': {'Terminal'}, '@id': {'_009A7379-DD47-4217-8A16-93DE6A05E879'}}]","{'@type': {'TopologicalNode'}, '@id': {'_1144659C-F090-41DA-BFBD-0A1B248F4C94'}}"
"_3BC0FAD1-B6E3-4C0D-AA58-7B17ED2654C3","","","bus_7_12_47kv","","{'@type': {'VoltageLevel'}, '@id': {'_F9A52713-FEA8-4002-9AF7-72B85DC5C748'}}","[{'@type': {'OperationalLimitSet'}, '@id': {'_6D333522-4984-4B4E-BE3B-AC5ECC98F883'}}]","","","[{'@type': {'Terminal'}, '@id': {'_9164E0F4-7C5C-44E8-912E-2DFA5C9AF9E0'}}, {'@type': {'Terminal'}, '@id': {'_4C7403C7-9B50-463C-9012-67F15BD41A67'}}, {'@type': {'Terminal'}, '@id': {'_CF6A23E2-87B3-4110-B0AD-C56273694437'}}, {'@type': {'Terminal'}, '@id': {'_470114C1-5165-40AD-876D-89F29CAF26A5'}}, {'@type': {'Terminal'}, '@id': {'_87739A68-1A8A-4881-BC35-39F3B6038C38'}}]","{'@type': {'TopologicalNode'}, '@id': {'_1D092030-6332-478E-8D82-3EE14DF3011E'}}"
