mRID,aliasName,description,name,Names,OperationalLimitSet,OperationalLimitType,normalValue,value
"_1A7C92DD-0D9C-4ED2-AC34-FCA5D20C01C2","","","OpLimI_400.0_600.0_Emerg","","{'@type': {'OperationalLimitSet'}, '@id': {'_48331E0D-5BC4-4C0D-8D21-0A74EDE44C5F'}}","{'@type': {'OperationalLimitType'}, '@id': {'_9C0E5F34-AC94-4433-B9D5-5576E4C58D19'}}",,600
"_43349C1D-C5CF-44EF-A238-870F438610AE","","","OpLimI_400.0_600.0_Norm","","{'@type': {'OperationalLimitSet'}, '@id': {'_48331E0D-5BC4-4C0D-8D21-0A74EDE44C5F'}}","{'@type': {'OperationalLimitType'}, '@id': {'_9656C3E3-973B-4C58-88DF-FAA8F72E83E1'}}",,400
"_38FE47D9-D01D-4FD6-B1C9-1E1636C06DB1","","","OpLimI_276.1_376.5_Emerg","","{'@type': {'OperationalLimitSet'}, '@id': {'_4D800B50-4AC2-464F-AB12-419164EC0B7A'}}","{'@type': {'OperationalLimitType'}, '@id': {'_9C0E5F34-AC94-4433-B9D5-5576E4C58D19'}}",,376.53278
"_2ACA44D1-9866-49AB-9668-073625970E79","","","OpLimI_276.1_376.5_Norm","","{'@type': {'OperationalLimitSet'}, '@id': {'_4D800B50-4AC2-464F-AB12-419164EC0B7A'}}","{'@type': {'OperationalLimitType'}, '@id': {'_9656C3E3-973B-4C58-88DF-FAA8F72E83E1'}}",,276.12404
"_84370AD4-95B8-44AC-811C-DA9340DDA76D","","","OpLimI_552.2_753.1_Norm","","{'@type': {'OperationalLimitSet'}, '@id': {'_9A03EFF7-A44E-48AF-9754-B6E9EF91AAF2'}}","{'@type': {'OperationalLimitType'}, '@id': {'_9656C3E3-973B-4C58-88DF-FAA8F72E83E1'}}",,552.24808
"_35E39C4D-8224-4750-98B5-C4A70AA8601D","","","OpLimI_552.2_753.1_Emerg","","{'@type': {'OperationalLimitSet'}, '@id': {'_9A03EFF7-A44E-48AF-9754-B6E9EF91AAF2'}}","{'@type': {'OperationalLimitType'}, '@id': {'_9C0E5F34-AC94-4433-B9D5-5576E4C58D19'}}",,753.06557
"_4BECD00D-B535-448A-854B-B5DB424A998B","","","OpLimI_1840.8_2510.2_Norm","","{'@type': {'OperationalLimitSet'}, '@id': {'_EA3A5936-3A13-423E-BCA6-9A1F259BDB53'}}","{'@type': {'OperationalLimitType'}, '@id': {'_9656C3E3-973B-4C58-88DF-FAA8F72E83E1'}}",,1840.8269
"_F41CD712-1BF6-4B82-B681-9AA5AD59475D","","","OpLimI_1840.8_2510.2_Emerg","","{'@type': {'OperationalLimitSet'}, '@id': {'_EA3A5936-3A13-423E-BCA6-9A1F259BDB53'}}","{'@type': {'OperationalLimitType'}, '@id': {'_9C0E5F34-AC94-4433-B9D5-5576E4C58D19'}}",,2510.2186
