mRID,aliasName,description,name,Names,AssetDatasheet,Assets,ConfigurationEvent,Controls,Location,Measurements,OperatingShare,PSRType,ReportingGroup,aggregate,inService,networkAnalysisEnabled,normallyInService,AdditionalEquipmentContainer,EquipmentContainer,Faults,OperationalLimitSet,UsagePoints,BaseVoltage,SvStatus,Terminals,customerCount,grounded,p,phaseConnection,q,EnergyConsumerPhase,House,LoadResponse,PowerCutZone
"_60CB1033-6383-4959-9241-97B1E1786D8B","","","s7_fdr1","","","","","","{'@type': {'Location'}, '@id': {'_2C4E6E91-E409-4735-9576-AFE9AAFCAFE8'}}","","","","","","","","","","{'@type': {'Feeder'}, '@id': {'_9E985101-27AD-4FE4-B36A-EBECC98CDFA1'}}","","","","{'@type': {'BaseVoltage'}, '@id': {'_E948842C-AAF0-4D10-80F5-C5A27B974348'}}","","[{'@type': {'Terminal'}, '@id': {'_3F6DFA38-1580-4D5C-959C-5DF61F4C8336'}}]","1","false",15000000,"PhaseShuntConnectionKind.D",4000000,"","","{'@type': {'LoadResponseCharacteristic'}, '@id': {'_EAB808FF-6B75-42D3-9C2A-AEA643457C87'}}",""
"_ABC44803-D17C-4399-902D-1845EFFC6843","","","s7_fdr2","","","","","","{'@type': {'Location'}, '@id': {'_8EB974DB-A7C6-47C2-90EC-53476DE2D811'}}","","","","","","","","","","{'@type': {'Feeder'}, '@id': {'_9E985101-27AD-4FE4-B36A-EBECC98CDFA2'}}","","","","{'@type': {'BaseVoltage'}, '@id': {'_E948842C-AAF0-4D10-80F5-C5A27B974348'}}","","[{'@type': {'Terminal'}, '@id': {'_8CD8D308-1E5E-4ACC-AAB0-2BAE4173CE3F'}}]","1","false",8000000,"PhaseShuntConnectionKind.D",2000000,"","","{'@type': {'LoadResponseCharacteristic'}, '@id': {'_EAB808FF-6B75-42D3-9C2A-AEA643457C87'}}",""
"_69299102-B967-4D38-B382-A8E3C12745F1","","","s7_fdr3","","","","","","{'@type': {'Location'}, '@id': {'_7DE18EA6-0762-4EC3-9B12-D40286456D49'}}","","","","","","","","","","{'@type': {'Feeder'}, '@id': {'_9E985101-27AD-4FE4-B36A-EBECC98CDFA3'}}","","","","{'@type': {'BaseVoltage'}, '@id': {'_E948842C-AAF0-4D10-80F5-C5A27B974348'}}","","[{'@type': {'Terminal'}, '@id': {'_133BCD1A-E123-4ECF-87DF-8747AE335523'}}]","1","false",7000000,"PhaseShuntConnectionKind.D",2000000,"","","{'@type': {'LoadResponseCharacteristic'}, '@id': {'_EAB808FF-6B75-42D3-9C2A-AEA643457C87'}}",""
"_CA84A9C3-56C0-42DE-B31F-22EB8E56570D","","","s7_fdr4","","","","","","{'@type': {'Location'}, '@id': {'_B816F4E4-C660-4BA7-A54B-4996DCD0DE4F'}}","","","","","","","","","","{'@type': {'Feeder'}, '@id': {'_9E985101-27AD-4FE4-B36A-EBECC98CDFA4'}}","","","","{'@type': {'BaseVoltage'}, '@id': {'_E948842C-AAF0-4D10-80F5-C5A27B974348'}}","","[{'@type': {'Terminal'}, '@id': {'_224981B8-8D26-4FA5-A0FC-A90CFB153A79'}}]","1","false",6000000,"PhaseShuntConnectionKind.D",2000000,"","","{'@type': {'LoadResponseCharacteristic'}, '@id': {'_EAB808FF-6B75-42D3-9C2A-AEA643457C87'}}",""
"_379B4089-777D-4023-B32D-0F8A837BF0BC","","","s8_fdr1","","","","","","{'@type': {'Location'}, '@id': {'_ACB0B136-00BC-469F-99FE-F26E442BF482'}}","","","","","","","","","","{'@type': {'Feeder'}, '@id': {'_9E985101-27AD-4FE4-B36A-EBECC98CDFA5'}}","","","","{'@type': {'BaseVoltage'}, '@id': {'_E948842C-AAF0-4D10-80F5-C5A27B974348'}}","","[{'@type': {'Terminal'}, '@id': {'_7D545789-C08D-4A7B-9AA4-9E13BE5C9857'}}]","1","false",2000000,"PhaseShuntConnectionKind.D",600000,"","","{'@type': {'LoadResponseCharacteristic'}, '@id': {'_EAB808FF-6B75-42D3-9C2A-AEA643457C87'}}",""
"_3BD2AF68-6BE0-4B32-8F42-7C96B62A21F4","","","s8_fdr2","","","","","","{'@type': {'Location'}, '@id': {'_0A0040CC-89AB-4118-AAFF-32A70C40DA2E'}}","","","","","","","","","","{'@type': {'Feeder'}, '@id': {'_9E985101-27AD-4FE4-B36A-EBECC98CDFA6'}}","","","","{'@type': {'BaseVoltage'}, '@id': {'_E948842C-AAF0-4D10-80F5-C5A27B974348'}}","","[{'@type': {'Terminal'}, '@id': {'_190A9D3C-93B5-4501-B30A-3515392FD61A'}}]","1","false",9000000,"PhaseShuntConnectionKind.D",3000000,"","","{'@type': {'LoadResponseCharacteristic'}, '@id': {'_EAB808FF-6B75-42D3-9C2A-AEA643457C87'}}",""
"_843C8A05-7267-41AB-9C33-4C1128FA13A5","","","s8_fdr3","","","","","","{'@type': {'Location'}, '@id': {'_EAAC1937-3944-41E8-B396-460E5B8D4216'}}","","","","","","","","","","{'@type': {'Feeder'}, '@id': {'_9E985101-27AD-4FE4-B36A-EBECC98CDFA7'}}","","","","{'@type': {'BaseVoltage'}, '@id': {'_E948842C-AAF0-4D10-80F5-C5A27B974348'}}","","[{'@type': {'Terminal'}, '@id': {'_B007086A-028B-47EA-ADCF-D607FAEC45B0'}}]","1","false",5000000,"PhaseShuntConnectionKind.D",1500000,"","","{'@type': {'LoadResponseCharacteristic'}, '@id': {'_EAB808FF-6B75-42D3-9C2A-AEA643457C87'}}",""
"_8BE6E4B1-5D80-4251-AC21-8B4F535BB1C7","","","s9_fdr1","","","","","","{'@type': {'Location'}, '@id': {'_382F615A-E9B7-4BE2-8C6F-E3DFD61E2E0B'}}","","","","","","","","","","{'@type': {'Feeder'}, '@id': {'_9E985101-27AD-4FE4-B36A-EBECC98CDFB1'}}","","","","{'@type': {'BaseVoltage'}, '@id': {'_03C398DD-5CD0-4DA8-BB6B-457CC1169E5D'}}","","[{'@type': {'Terminal'}, '@id': {'_A4D55BFF-977B-4A68-A9AA-71C3DC8A7327'}}]","1","false",5000000,"PhaseShuntConnectionKind.D",1000000,"","","{'@type': {'LoadResponseCharacteristic'}, '@id': {'_EAB808FF-6B75-42D3-9C2A-AEA643457C87'}}",""
"_04ECFD72-EA3E-47F2-81A9-2C6083C87A3B","","","s9_fdr2","","","","","","{'@type': {'Location'}, '@id': {'_9D645A72-292A-4B5E-BBA8-922C12E2275C'}}","","","","","","","","","","{'@type': {'Feeder'}, '@id': {'_9E985101-27AD-4FE4-B36A-EBECC98CDFB2'}}","","","","{'@type': {'BaseVoltage'}, '@id': {'_03C398DD-5CD0-4DA8-BB6B-457CC1169E5D'}}","","[{'@type': {'Terminal'}, '@id': {'_1CB66D17-2339-4DDD-B6D7-E42BE4EC5BF5'}}]","1","false",2000000,"PhaseShuntConnectionKind.D",600000,"","","{'@type': {'LoadResponseCharacteristic'}, '@id': {'_EAB808FF-6B75-42D3-9C2A-AEA643457C87'}}",""
"_59AD3145-387C-43C9-ABE2-450D056B4A87","","","s10_fdr1","","","","","","{'@type': {'Location'}, '@id': {'_D456327A-3B23-4C94-BAD2-D1D7CB6EC002'}}","","","","","","","","","","{'@type': {'Feeder'}, '@id': {'_9E985101-27AD-4FE4-B36A-EBECC98CDFB3'}}","","","","{'@type': {'BaseVoltage'}, '@id': {'_03C398DD-5CD0-4DA8-BB6B-457CC1169E5D'}}","","[{'@type': {'Terminal'}, '@id': {'_0B894485-EE80-4D93-AC02-8E039F321CCD'}}]","1","false",8000000,"PhaseShuntConnectionKind.D",3000000,"","","{'@type': {'LoadResponseCharacteristic'}, '@id': {'_EAB808FF-6B75-42D3-9C2A-AEA643457C87'}}",""
"_76CD87C0-7C66-4980-99DC-2FC3009E1F4A","","","s10_fdr2","","","","","","{'@type': {'Location'}, '@id': {'_5DA3F1E2-EE6B-4436-8476-F78071118C07'}}","","","","","","","","","","{'@type': {'Feeder'}, '@id': {'_9E985101-27AD-4FE4-B36A-EBECC98CDFB4'}}","","","","{'@type': {'BaseVoltage'}, '@id': {'_03C398DD-5CD0-4DA8-BB6B-457CC1169E5D'}}","","[{'@type': {'Terminal'}, '@id': {'_5A7CE8C0-CC5E-4AFE-92CF-F2F1BE4BEEC8'}}]","1","false",4000000,"PhaseShuntConnectionKind.D",1000000,"","","{'@type': {'LoadResponseCharacteristic'}, '@id': {'_EAB808FF-6B75-42D3-9C2A-AEA643457C87'}}",""
"_4E4CC4DC-A2AF-4299-8A5D-27F7C6602593","","","s6","","","","","","{'@type': {'Location'}, '@id': {'_7111443B-BB8C-4432-B77D-BCF9A2F7968C'}}","","","","","","","","","","{'@type': {'VoltageLevel'}, '@id': {'_2D26FF59-D009-4584-9DBC-BA88403E87DB'}}","","","","{'@type': {'BaseVoltage'}, '@id': {'_C091A979-AA6F-45DC-846C-2F0256A63939'}}","","[{'@type': {'Terminal'}, '@id': {'_D01D53CB-A351-43F4-8B34-2B8E4E36CBF0'}}]","1","false",60000000,"PhaseShuntConnectionKind.D",20000000,"","","{'@type': {'LoadResponseCharacteristic'}, '@id': {'_EAB808FF-6B75-42D3-9C2A-AEA643457C87'}}",""
"_41D30B47-030B-4242-B926-A1A7537886AC","","","s5","","","","","","{'@type': {'Location'}, '@id': {'_5CBD3D60-6D24-49FB-B25B-092B7DD44F78'}}","","","","","","","","","","{'@type': {'VoltageLevel'}, '@id': {'_D71C0860-1D62-4ECD-8239-6949B849DD8B'}}","","","","{'@type': {'BaseVoltage'}, '@id': {'_C091A979-AA6F-45DC-846C-2F0256A63939'}}","","[{'@type': {'Terminal'}, '@id': {'_2BF739C9-1B07-4844-B87C-EF9E602C9F76'}}]","1","false",65000000,"PhaseShuntConnectionKind.D",20000000,"","","{'@type': {'LoadResponseCharacteristic'}, '@id': {'_EAB808FF-6B75-42D3-9C2A-AEA643457C87'}}",""
