mRID,aliasName,description,name,Names,AssetDatasheet,Assets,ConfigurationEvent,Controls,Location,Measurements,OperatingShare,PSRType,ReportingGroup,ConnectivityNodes,TopologicalNode,AdditionalGroupedEquipment,Equipments,NamingSecondarySubstation,NormalEnergizedSubstation,NormalEnergizingSubstation,NormalHeadTerminal
"_9E985101-27AD-4FE4-B36A-EBECC98CDFA3","","","feeder_3","","","","","","","","","","","[{'@type': {'ConnectivityNode'}, '@id': {'_D491FA14-7DD1-438F-B132-7F4917AFCF19'}}]","","","[{'@type': {'Breaker'}, '@id': {'_6EB19C31-B0A1-434A-BC13-A176A83FAD29'}}, {'@type': {'EnergyConsumer'}, '@id': {'_69299102-B967-4D38-B382-A8E3C12745F1'}}, {'@type': {'PowerElectronicsConnection'}, '@id': {'_A51522AE-AECE-41A0-897A-20420721B99A'}}]","","","{'@type': {'Substation'}, '@id': {'_FBE667A8-D26D-4B6B-AF9D-74AE20E96040'}}",""
"_9E985101-27AD-4FE4-B36A-EBECC98CDFA2","","","feeder_2","","","","","","","","","","","[{'@type': {'ConnectivityNode'}, '@id': {'_26E1BBB1-6339-41CC-BFE9-658FECE8AD06'}}]","","","[{'@type': {'EnergyConsumer'}, '@id': {'_ABC44803-D17C-4399-902D-1845EFFC6843'}}, {'@type': {'Breaker'}, '@id': {'_63952C14-0121-4EC1-B001-29B7FA4FEB59'}}]","","","{'@type': {'Substation'}, '@id': {'_FBE667A8-D26D-4B6B-AF9D-74AE20E96040'}}",""
"_9E985101-27AD-4FE4-B36A-EBECC98CDFA7","","","feeder_7","","","","","","","","","","","[{'@type': {'ConnectivityNode'}, '@id': {'_5AE2E30B-6A55-4FA7-BF02-35241CEC0C5B'}}]","","","[{'@type': {'EnergyConsumer'}, '@id': {'_843C8A05-7267-41AB-9C33-4C1128FA13A5'}}, {'@type': {'PowerElectronicsConnection'}, '@id': {'_ECA48996-298B-44B3-8436-5907D6540926'}}, {'@type': {'Breaker'}, '@id': {'_97238F75-6FC2-4128-82AB-D39C0875449F'}}]","","","{'@type': {'Substation'}, '@id': {'_FBE667A8-D26D-4B6B-AF9D-74AE20E96040'}}",""
"_9E985101-27AD-4FE4-B36A-EBECC98CDFA4","","","feeder_4","","","","","","","","","","","[{'@type': {'ConnectivityNode'}, '@id': {'_F819B704-AC99-4950-B551-DCA6C7DEE711'}}]","","","[{'@type': {'Breaker'}, '@id': {'_C63A16AB-72F2-4A84-905F-DA9462CF9943'}}, {'@type': {'EnergyConsumer'}, '@id': {'_CA84A9C3-56C0-42DE-B31F-22EB8E56570D'}}, {'@type': {'PowerElectronicsConnection'}, '@id': {'_C86462B7-5A08-43B5-BCAD-93A981F26781'}}]","","","{'@type': {'Substation'}, '@id': {'_FBE667A8-D26D-4B6B-AF9D-74AE20E96040'}}",""
"_9E985101-27AD-4FE4-B36A-EBECC98CDFA6","","","feeder_6","","","","","","","","","","","[{'@type': {'ConnectivityNode'}, '@id': {'_38118D32-5E9B-4A0E-A360-F861FFA1CBF9'}}]","","","[{'@type': {'EnergyConsumer'}, '@id': {'_3BD2AF68-6BE0-4B32-8F42-7C96B62A21F4'}}, {'@type': {'Breaker'}, '@id': {'_AD2D6921-A1B0-4346-B941-365501A472CE'}}, {'@type': {'PowerElectronicsConnection'}, '@id': {'_04E93124-24D3-4F16-8A7B-83DF7CA395AF'}}]","","","{'@type': {'Substation'}, '@id': {'_FBE667A8-D26D-4B6B-AF9D-74AE20E96040'}}",""
"_9E985101-27AD-4FE4-B36A-EBECC98CDFA5","","","feeder_5","","","","","","","","","","","[{'@type': {'ConnectivityNode'}, '@id': {'_922BDBF2-A4AD-454B-922B-9BBC680FCEA7'}}]","","","[{'@type': {'EnergyConsumer'}, '@id': {'_379B4089-777D-4023-B32D-0F8A837BF0BC'}}, {'@type': {'Breaker'}, '@id': {'_4E444BD4-AC52-49BC-8520-FE3372B8CD5F'}}, {'@type': {'PowerElectronicsConnection'}, '@id': {'_8AA8A8EA-51D5-461E-9261-AD48661E6FE4'}}]","","","{'@type': {'Substation'}, '@id': {'_FBE667A8-D26D-4B6B-AF9D-74AE20E96040'}}",""
"_9E985101-27AD-4FE4-B36A-EBECC98CDFA1","","","feeder_1","","","","","","{'@type': {'Location'}, '@id': {'_0EED2A4D-0D77-4D41-88BF-A99175C1C3AE'}}","","","","","[{'@type': {'ConnectivityNode'}, '@id': {'_B7A60D0E-5129-47B3-8B0E-00DD217FA194'}}]","","","[{'@type': {'EnergyConsumer'}, '@id': {'_60CB1033-6383-4959-9241-97B1E1786D8B'}}, {'@type': {'PowerElectronicsConnection'}, '@id': {'_157B3EBC-9473-408B-8DAA-B66B473DB3DB'}}, {'@type': {'Breaker'}, '@id': {'_90B9E60D-92E8-48AD-A5BB-430685A6D52E'}}]","","","{'@type': {'Substation'}, '@id': {'_FBE667A8-D26D-4B6B-AF9D-74AE20E96040'}}",""
"_9E985101-27AD-4FE4-B36A-EBECC98CDFB3","","","feeder_10","","","","","","","","","","","[{'@type': {'ConnectivityNode'}, '@id': {'_7D70A3D4-E20C-4B73-8FAC-8996CC361E20'}}]","","","[{'@type': {'PowerElectronicsConnection'}, '@id': {'_1B6D4E52-F7DA-46C6-9F9F-3006CF546573'}}, {'@type': {'EnergyConsumer'}, '@id': {'_59AD3145-387C-43C9-ABE2-450D056B4A87'}}, {'@type': {'Breaker'}, '@id': {'_EE4088E9-BF5B-429B-9DEB-1C2CA1856023'}}]","","","{'@type': {'Substation'}, '@id': {'_FBE667A8-D26D-4B6B-AF9D-74AE20E96041'}}",""
"_9E985101-27AD-4FE4-B36A-EBECC98CDFB1","","","feeder_8","","","","","","","","","","","[{'@type': {'ConnectivityNode'}, '@id': {'_79930179-4C61-4DCD-9097-45AC7DE883D6'}}]","","","[{'@type': {'PowerElectronicsConnection'}, '@id': {'_5A6AA645-63C5-4711-ABB8-3C2EF1BF11F0'}}, {'@type': {'EnergyConsumer'}, '@id': {'_8BE6E4B1-5D80-4251-AC21-8B4F535BB1C7'}}, {'@type': {'Breaker'}, '@id': {'_536036DC-B1AE-4185-A41C-DB82E003DA32'}}]","","","{'@type': {'Substation'}, '@id': {'_FBE667A8-D26D-4B6B-AF9D-74AE20E96041'}}",""
"_9E985101-27AD-4FE4-B36A-EBECC98CDFB2","","","feeder_9","","","","","","","","","","","[{'@type': {'ConnectivityNode'}, '@id': {'_D9255620-8A04-49C4-A213-F3F9E480F18E'}}]","","","[{'@type': {'Breaker'}, '@id': {'_AEC27F44-AA56-47BE-B3F1-2F5D6C6EEB3E'}}, {'@type': {'EnergyConsumer'}, '@id': {'_04ECFD72-EA3E-47F2-81A9-2C6083C87A3B'}}, {'@type': {'PowerElectronicsConnection'}, '@id': {'_92F2FAB4-C109-4B13-8ED0-E2F432595CE8'}}]","","","{'@type': {'Substation'}, '@id': {'_FBE667A8-D26D-4B6B-AF9D-74AE20E96041'}}",""
"_9E985101-27AD-4FE4-B36A-EBECC98CDFB4","","","feeder_11","","","","","","","","","","","[{'@type': {'ConnectivityNode'}, '@id': {'_4664F7E9-D74E-4D39-91B1-A700D4D9F6F8'}}]","","","[{'@type': {'Breaker'}, '@id': {'_C173C171-30D6-45FE-82E6-274C3B8AFD22'}}, {'@type': {'PowerElectronicsConnection'}, '@id': {'_099D790D-2F4B-476A-8757-6FB24685550B'}}, {'@type': {'EnergyConsumer'}, '@id': {'_76CD87C0-7C66-4980-99DC-2FC3009E1F4A'}}]","","","{'@type': {'Substation'}, '@id': {'_FBE667A8-D26D-4B6B-AF9D-74AE20E96041'}}",""
