mRID,aliasName,description,name,Names,direction,geoInfoReference,type,Assets,ConfigurationEvents,CoordinateSystem,Crew,electronicAddress,EnvironmentalLocationKind,Fault,Hazards,mainAddress,Measurements,phone1,phone2,PositionPoints,PowerSystemResources,secondaryAddress,status
"_0EED2A4D-0D77-4D41-88BF-A99175C1C3AE","","","maple10bus_Location","","","","","","","{'@type': {'CoordinateSystem'}, '@id': {'_DF7D32E8-9AF6-4902-AC01-0BB540A47BBD'}}","","","","","","","","","","","[{'@type': {'Feeder'}, '@id': {'_9E985101-27AD-4FE4-B36A-EBECC98CDFA1'}}]","",""
"_6445D289-3D51-4707-A0D9-9ED9440DC7AA","","","xfmr230_115_2_Loc","","","","","","","{'@type': {'CoordinateSystem'}, '@id': {'_DF7D32E8-9AF6-4902-AC01-0BB540A47BBD'}}","","","","","","","","","","[{'@type': {'PositionPoint'}, '@id': {'_E7B64F60-ECBC-49D6-93E8-6CA3C5179450'}}, {'@type': {'PositionPoint'}, '@id': {'_C84E4A1C-2CF3-4BCD-A649-3E8CC0F01B66'}}]","[{'@type': {'PowerTransformer'}, '@id': {'_0C9F332E-7578-4E8C-B613-A31AC4F5104E'}}]","",""
"_37673997-C074-4F6B-B007-2CAD0588ADB2","","","xfmr34_12_1_Loc","","","","","","","{'@type': {'CoordinateSystem'}, '@id': {'_DF7D32E8-9AF6-4902-AC01-0BB540A47BBD'}}","","","","","","","","","","[{'@type': {'PositionPoint'}, '@id': {'_4718A14B-517A-4D47-9615-715D13A65880'}}, {'@type': {'PositionPoint'}, '@id': {'_B8DDC2C3-F173-4464-95F6-7CDE576D3859'}}]","[{'@type': {'PowerTransformer'}, '@id': {'_1C474FF5-E672-4C17-8B35-1F8BCC082049'}}]","",""
"_6033D474-7807-4CD6-A975-F251C8787E6D","","","xfmr34_4_2_Loc","","","","","","","{'@type': {'CoordinateSystem'}, '@id': {'_DF7D32E8-9AF6-4902-AC01-0BB540A47BBD'}}","","","","","","","","","","[{'@type': {'PositionPoint'}, '@id': {'_8868E800-84D2-4924-B5E6-7205D2405DC0'}}, {'@type': {'PositionPoint'}, '@id': {'_E3859E76-6D53-48CC-A3D9-83C810A16D65'}}]","[{'@type': {'PowerTransformer'}, '@id': {'_1C95E234-82A2-4F69-8484-0EB74F2D5628'}}]","",""
"_84EA3E5B-BBFB-4F74-A528-4A466CEABBE4","","","xfmr230_115_1_Loc","","","","","","","{'@type': {'CoordinateSystem'}, '@id': {'_DF7D32E8-9AF6-4902-AC01-0BB540A47BBD'}}","","","","","","","","","","[{'@type': {'PositionPoint'}, '@id': {'_D343E866-8448-4A30-81EC-6E709727322B'}}, {'@type': {'PositionPoint'}, '@id': {'_5BC709FC-F7B2-4075-A1F5-974E08965832'}}]","[{'@type': {'PowerTransformer'}, '@id': {'_1E208862-9A6E-45C5-8387-D20762FCED13'}}]","",""
"_4701589D-7A30-4EEB-B7BE-2C4596F1971E","","","xfmr115_34_1_Loc","","","","","","","{'@type': {'CoordinateSystem'}, '@id': {'_DF7D32E8-9AF6-4902-AC01-0BB540A47BBD'}}","","","","","","","","","","[{'@type': {'PositionPoint'}, '@id': {'_5B43249F-CF34-442C-BC07-727BE619F8AB'}}, {'@type': {'PositionPoint'}, '@id': {'_A0765C94-9FFB-421A-941D-0671D10B679F'}}]","[{'@type': {'PowerTransformer'}, '@id': {'_39252203-BD05-403C-92C7-4FB7F6BF9614'}}]","",""
"_0B6ACC5E-579A-46A7-B932-E3681CE8C46D","","","xfmr34_4_1_Loc","","","","","","","{'@type': {'CoordinateSystem'}, '@id': {'_DF7D32E8-9AF6-4902-AC01-0BB540A47BBD'}}","","","","","","","","","","[{'@type': {'PositionPoint'}, '@id': {'_F5E2846C-38C4-4A00-8B7A-31B3EBA06780'}}, {'@type': {'PositionPoint'}, '@id': {'_2A3F5E22-D301-46EA-8694-2FAEE703B534'}}]","[{'@type': {'PowerTransformer'}, '@id': {'_50F3EF76-9431-4020-905B-9CDCB994A998'}}]","",""
"_3A6883D0-9DC3-405D-AF45-E39ECF14717A","","","xfmr115_34_2_Loc","","","","","","","{'@type': {'CoordinateSystem'}, '@id': {'_DF7D32E8-9AF6-4902-AC01-0BB540A47BBD'}}","","","","","","","","","","[{'@type': {'PositionPoint'}, '@id': {'_1554B093-FA03-4663-9E98-D52C0BB1F4DC'}}, {'@type': {'PositionPoint'}, '@id': {'_C1F91FB7-2353-423F-9A18-DCAA383D7358'}}]","[{'@type': {'PowerTransformer'}, '@id': {'_C57FECC5-D2FC-4821-8275-0516A49873B9'}}]","",""
"_E42F1B78-F765-458E-B58E-C3E0B71CE778","","","xfmr34_12_2_Loc","","","","","","","{'@type': {'CoordinateSystem'}, '@id': {'_DF7D32E8-9AF6-4902-AC01-0BB540A47BBD'}}","","","","","","","","","","[{'@type': {'PositionPoint'}, '@id': {'_A712EFA5-F8BC-4223-B072-5E8F33E35E17'}}, {'@type': {'PositionPoint'}, '@id': {'_57957A0D-D737-44C5-8667-4DE0A106A73A'}}]","[{'@type': {'PowerTransformer'}, '@id': {'_DF6BD18F-7FAA-4182-9230-79BE38DC7436'}}]","",""
"_9D645A72-292A-4B5E-BBA8-922C12E2275C","","","s9_fdr2_Loc","","","","","","","{'@type': {'CoordinateSystem'}, '@id': {'_DF7D32E8-9AF6-4902-AC01-0BB540A47BBD'}}","","","","","","","","","","[{'@type': {'PositionPoint'}, '@id': {'_9854364E-8EDA-41BF-93E9-A2D664ED8F41'}}]","[{'@type': {'EnergyConsumer'}, '@id': {'_04ECFD72-EA3E-47F2-81A9-2C6083C87A3B'}}]","",""
"_ACB0B136-00BC-469F-99FE-F26E442BF482","","","s8_fdr1_Loc","","","","","","","{'@type': {'CoordinateSystem'}, '@id': {'_DF7D32E8-9AF6-4902-AC01-0BB540A47BBD'}}","","","","","","","","","","[{'@type': {'PositionPoint'}, '@id': {'_FAD6D570-CC45-4CCC-B782-CDBFE94D82F1'}}]","[{'@type': {'EnergyConsumer'}, '@id': {'_379B4089-777D-4023-B32D-0F8A837BF0BC'}}]","",""
"_0A0040CC-89AB-4118-AAFF-32A70C40DA2E","","","s8_fdr2_Loc","","","","","","","{'@type': {'CoordinateSystem'}, '@id': {'_DF7D32E8-9AF6-4902-AC01-0BB540A47BBD'}}","","","","","","","","","","[{'@type': {'PositionPoint'}, '@id': {'_434A9CCD-FE9A-4178-B730-3A6CF6660A77'}}]","[{'@type': {'EnergyConsumer'}, '@id': {'_3BD2AF68-6BE0-4B32-8F42-7C96B62A21F4'}}]","",""
"_5CBD3D60-6D24-49FB-B25B-092B7DD44F78","","","s5_Loc","","","","","","","{'@type': {'CoordinateSystem'}, '@id': {'_DF7D32E8-9AF6-4902-AC01-0BB540A47BBD'}}","","","","","","","","","","[{'@type': {'PositionPoint'}, '@id': {'_B744F0E6-6999-45EC-9434-BA85DD643809'}}]","[{'@type': {'EnergyConsumer'}, '@id': {'_41D30B47-030B-4242-B926-A1A7537886AC'}}]","",""
"_7111443B-BB8C-4432-B77D-BCF9A2F7968C","","","s6_Loc","","","","","","","{'@type': {'CoordinateSystem'}, '@id': {'_DF7D32E8-9AF6-4902-AC01-0BB540A47BBD'}}","","","","","","","","","","[{'@type': {'PositionPoint'}, '@id': {'_E0E91515-BC87-4D92-B292-8205F2670450'}}]","[{'@type': {'EnergyConsumer'}, '@id': {'_4E4CC4DC-A2AF-4299-8A5D-27F7C6602593'}}]","",""
"_D456327A-3B23-4C94-BAD2-D1D7CB6EC002","","","s10_fdr1_Loc","","","","","","","{'@type': {'CoordinateSystem'}, '@id': {'_DF7D32E8-9AF6-4902-AC01-0BB540A47BBD'}}","","","","","","","","","","[{'@type': {'PositionPoint'}, '@id': {'_EE8DB211-AC7E-4A25-A90A-526DCDE911DF'}}]","[{'@type': {'EnergyConsumer'}, '@id': {'_59AD3145-387C-43C9-ABE2-450D056B4A87'}}]","",""
"_2C4E6E91-E409-4735-9576-AFE9AAFCAFE8","","","s7_fdr1_Loc","","","","","","","{'@type': {'CoordinateSystem'}, '@id': {'_DF7D32E8-9AF6-4902-AC01-0BB540A47BBD'}}","","","","","","","","","","[{'@type': {'PositionPoint'}, '@id': {'_901F2BF3-3B67-43AC-B891-54ED6502C79E'}}]","[{'@type': {'EnergyConsumer'}, '@id': {'_60CB1033-6383-4959-9241-97B1E1786D8B'}}]","",""
"_7DE18EA6-0762-4EC3-9B12-D40286456D49","","","s7_fdr3_Loc","","","","","","","{'@type': {'CoordinateSystem'}, '@id': {'_DF7D32E8-9AF6-4902-AC01-0BB540A47BBD'}}","","","","","","","","","","[{'@type': {'PositionPoint'}, '@id': {'_252FD4D6-3593-4B7F-BE42-6D0EB2D20355'}}]","[{'@type': {'EnergyConsumer'}, '@id': {'_69299102-B967-4D38-B382-A8E3C12745F1'}}]","",""
"_5DA3F1E2-EE6B-4436-8476-F78071118C07","","","s10_fdr2_Loc","","","","","","","{'@type': {'CoordinateSystem'}, '@id': {'_DF7D32E8-9AF6-4902-AC01-0BB540A47BBD'}}","","","","","","","","","","[{'@type': {'PositionPoint'}, '@id': {'_38D526B7-C1E9-440C-9EC6-88D61E9AF35C'}}]","[{'@type': {'EnergyConsumer'}, '@id': {'_76CD87C0-7C66-4980-99DC-2FC3009E1F4A'}}]","",""
"_EAAC1937-3944-41E8-B396-460E5B8D4216","","","s8_fdr3_Loc","","","","","","","{'@type': {'CoordinateSystem'}, '@id': {'_DF7D32E8-9AF6-4902-AC01-0BB540A47BBD'}}","","","","","","","","","","[{'@type': {'PositionPoint'}, '@id': {'_9A414088-DF8C-4B17-8B53-2393409AB994'}}]","[{'@type': {'EnergyConsumer'}, '@id': {'_843C8A05-7267-41AB-9C33-4C1128FA13A5'}}]","",""
"_382F615A-E9B7-4BE2-8C6F-E3DFD61E2E0B","","","s9_fdr1_Loc","","","","","","","{'@type': {'CoordinateSystem'}, '@id': {'_DF7D32E8-9AF6-4902-AC01-0BB540A47BBD'}}","","","","","","","","","","[{'@type': {'PositionPoint'}, '@id': {'_CD51A1A7-062B-4C81-945E-2E1A409B0034'}}]","[{'@type': {'EnergyConsumer'}, '@id': {'_8BE6E4B1-5D80-4251-AC21-8B4F535BB1C7'}}]","",""
"_8EB974DB-A7C6-47C2-90EC-53476DE2D811","","","s7_fdr2_Loc","","","","","","","{'@type': {'CoordinateSystem'}, '@id': {'_DF7D32E8-9AF6-4902-AC01-0BB540A47BBD'}}","","","","","","","","","","[{'@type': {'PositionPoint'}, '@id': {'_163D57BD-92E2-4E94-BD15-A33A8846CE59'}}]","[{'@type': {'EnergyConsumer'}, '@id': {'_ABC44803-D17C-4399-902D-1845EFFC6843'}}]","",""
"_B816F4E4-C660-4BA7-A54B-4996DCD0DE4F","","","s7_fdr4_Loc","","","","","","","{'@type': {'CoordinateSystem'}, '@id': {'_DF7D32E8-9AF6-4902-AC01-0BB540A47BBD'}}","","","","","","","","","","[{'@type': {'PositionPoint'}, '@id': {'_3AD6574C-C3D8-44EB-8689-71D03F8CC77D'}}]","[{'@type': {'EnergyConsumer'}, '@id': {'_CA84A9C3-56C0-42DE-B31F-22EB8E56570D'}}]","",""
"_2C8654B3-8942-4602-93A9-8B1BBB6F9A2C","","","s8_der_ag2_Loc","","","","","","","{'@type': {'CoordinateSystem'}, '@id': {'_DF7D32E8-9AF6-4902-AC01-0BB540A47BBD'}}","","","","","","","","","","[{'@type': {'PositionPoint'}, '@id': {'_9C36E5BC-CA6C-4F61-A076-1E2B66D768D4'}}]","[{'@type': {'PhotovoltaicUnit'}, '@id': {'_1473D6FD-56F9-4AC9-9F52-8CD8AB5A7961'}}, {'@type': {'PowerElectronicsConnection'}, '@id': {'_04E93124-24D3-4F16-8A7B-83DF7CA395AF'}}]","",""
"_BC108308-A260-4726-B5E2-B469BC5F45BC","","","s10_der_ag2_Loc","","","","","","","{'@type': {'CoordinateSystem'}, '@id': {'_DF7D32E8-9AF6-4902-AC01-0BB540A47BBD'}}","","","","","","","","","","[{'@type': {'PositionPoint'}, '@id': {'_4C31DE0D-C7B4-4531-BD1C-7ADA2C6BD72E'}}]","[{'@type': {'PowerElectronicsConnection'}, '@id': {'_099D790D-2F4B-476A-8757-6FB24685550B'}}, {'@type': {'PhotovoltaicUnit'}, '@id': {'_5025E6F4-53ED-43E7-834D-B1A2A0E950C4'}}]","",""
"_FD8DFE34-4FBA-4DFB-83A7-7310BFF465AB","","","s7_der_ag1_Loc","","","","","","","{'@type': {'CoordinateSystem'}, '@id': {'_DF7D32E8-9AF6-4902-AC01-0BB540A47BBD'}}","","","","","","","","","","[{'@type': {'PositionPoint'}, '@id': {'_D8BE040C-83E4-4755-AAD0-8FC172FDC974'}}]","[{'@type': {'PowerElectronicsConnection'}, '@id': {'_157B3EBC-9473-408B-8DAA-B66B473DB3DB'}}, {'@type': {'PhotovoltaicUnit'}, '@id': {'_912F95FF-7DB1-496A-97B2-17A52CFA815E'}}]","",""
"_370F5918-4F54-4E10-9CAE-39361BC10BB8","","","s10_der_ag1_Loc","","","","","","","{'@type': {'CoordinateSystem'}, '@id': {'_DF7D32E8-9AF6-4902-AC01-0BB540A47BBD'}}","","","","","","","","","","[{'@type': {'PositionPoint'}, '@id': {'_E2F57A10-B9D6-40E3-A966-8FF1C9C3673E'}}]","[{'@type': {'PhotovoltaicUnit'}, '@id': {'_79B4FE83-245C-46CD-8F13-5ABE80DA3C8D'}}, {'@type': {'PowerElectronicsConnection'}, '@id': {'_1B6D4E52-F7DA-46C6-9F9F-3006CF546573'}}]","",""
"_44910790-ED9A-434E-B0FE-7DA48B0CDD5E","","","s9_der_ag1_Loc","","","","","","","{'@type': {'CoordinateSystem'}, '@id': {'_DF7D32E8-9AF6-4902-AC01-0BB540A47BBD'}}","","","","","","","","","","[{'@type': {'PositionPoint'}, '@id': {'_9194D0B6-4AC5-4A09-B82D-4A68FA3AAAF1'}}]","[{'@type': {'PowerElectronicsConnection'}, '@id': {'_5A6AA645-63C5-4711-ABB8-3C2EF1BF11F0'}}, {'@type': {'PhotovoltaicUnit'}, '@id': {'_AAB3EB31-DC2C-48CB-9529-A2C97127DE14'}}]","",""
"_61C9E16D-B381-438B-AEA9-49E26041C46D","","","s8_der_ag1_Loc","","","","","","","{'@type': {'CoordinateSystem'}, '@id': {'_DF7D32E8-9AF6-4902-AC01-0BB540A47BBD'}}","","","","","","","","","","[{'@type': {'PositionPoint'}, '@id': {'_39D6C378-EA54-457F-A6E2-C905958CA6C8'}}]","[{'@type': {'PhotovoltaicUnit'}, '@id': {'_42743107-6D75-42C6-BFD1-D030F1D17750'}}, {'@type': {'PowerElectronicsConnection'}, '@id': {'_8AA8A8EA-51D5-461E-9261-AD48661E6FE4'}}]","",""
"_F3B5CA58-D929-4F8E-9C63-3733EF683B8E","","","s9_der_ag2_Loc","","","","","","","{'@type': {'CoordinateSystem'}, '@id': {'_DF7D32E8-9AF6-4902-AC01-0BB540A47BBD'}}","","","","","","","","","","[{'@type': {'PositionPoint'}, '@id': {'_9F2A9848-1C95-4463-8E37-F5E6A5584727'}}]","[{'@type': {'PhotovoltaicUnit'}, '@id': {'_2CE85083-A42D-4C7E-85F9-B991C617B8C1'}}, {'@type': {'PowerElectronicsConnection'}, '@id': {'_92F2FAB4-C109-4B13-8ED0-E2F432595CE8'}}]","",""
"_89D81B71-CBF5-4D7C-8B1B-A61CD67A05C0","","","s7_der_ag3_Loc","","","","","","","{'@type': {'CoordinateSystem'}, '@id': {'_DF7D32E8-9AF6-4902-AC01-0BB540A47BBD'}}","","","","","","","","","","[{'@type': {'PositionPoint'}, '@id': {'_67C0CA78-EA82-4663-8D8D-D79C43D2CAB4'}}]","[{'@type': {'PhotovoltaicUnit'}, '@id': {'_2EBC4364-E14C-4948-A51F-5F4A5A30B704'}}, {'@type': {'PowerElectronicsConnection'}, '@id': {'_A51522AE-AECE-41A0-897A-20420721B99A'}}]","",""
"_29B8F567-7D12-433A-AD0C-581123E15802","","","s5_der_ag_Loc","","","","","","","{'@type': {'CoordinateSystem'}, '@id': {'_DF7D32E8-9AF6-4902-AC01-0BB540A47BBD'}}","","","","","","","","","","[{'@type': {'PositionPoint'}, '@id': {'_CCD419D1-DB84-436E-AAFF-DE2BEF904F67'}}]","[{'@type': {'PowerElectronicsConnection'}, '@id': {'_B8384E2C-A236-4636-9E5F-363B3208E928'}}, {'@type': {'PhotovoltaicUnit'}, '@id': {'_EBB55CAB-51DF-4E88-8FA6-3BBD60DAB565'}}]","",""
"_410805D0-ED0D-473F-9399-FD0B5DC46E92","","","s7_der_ag4_Loc","","","","","","","{'@type': {'CoordinateSystem'}, '@id': {'_DF7D32E8-9AF6-4902-AC01-0BB540A47BBD'}}","","","","","","","","","","[{'@type': {'PositionPoint'}, '@id': {'_33D176C9-640F-4180-BA80-7E40D04D287E'}}]","[{'@type': {'PowerElectronicsConnection'}, '@id': {'_C86462B7-5A08-43B5-BCAD-93A981F26781'}}, {'@type': {'PhotovoltaicUnit'}, '@id': {'_0FE233D3-0296-4C32-B25A-F49514FFDA69'}}]","",""
"_DAAE24FE-2624-47E4-B942-B2D07B40ABCA","","","s8_der_ag3_Loc","","","","","","","{'@type': {'CoordinateSystem'}, '@id': {'_DF7D32E8-9AF6-4902-AC01-0BB540A47BBD'}}","","","","","","","","","","[{'@type': {'PositionPoint'}, '@id': {'_8E8ECB83-6319-4C57-B117-9B27C9C9A515'}}]","[{'@type': {'PowerElectronicsConnection'}, '@id': {'_ECA48996-298B-44B3-8436-5907D6540926'}}, {'@type': {'PhotovoltaicUnit'}, '@id': {'_62496251-AADC-4293-85E3-31D012B4D2EC'}}]","",""
"_6A85EE07-4564-475C-896E-C8D4E6832607","","","","","","","","","","","","","","","","","","","","","","",""
"_6D81FC9B-B507-4F35-ADB9-8BC803D9E2CE","","","","","","","","","","","","","","","","","","","","","","",""
"_0E0F99D5-7AF8-471D-AF68-4E6082A88BC5","","","","","","","","","","","","","","","","","","","","","","",""
"_9ED6334F-519E-4E3D-8E83-67529C842A79","","","","","","","","","","","","","","","","","","","","","","",""
"_13668973-A8CC-4A22-BA26-95809641C0F9","","","","","","","","","","","","","","","","","","","","","","",""
"_19679A32-A363-4CEE-8BDD-0F4DAD653D68","","","","","","","","","","","","","","","","","","","","","","",""
"_4699B923-D89F-4922-8928-75E66F1C44E3","","","","","","","","","","","","","","","","","","","","","","",""
"_9EC4F392-19D5-4870-B434-C3E87E366341","","","","","","","","","","","","","","","","","","","","","","",""
"_1206B795-C167-4F77-B13B-696B1DD1FFF7","","","","","","","","","","","","","","","","","","","","","","",""
"_C8FE341B-D8C6-44C6-B2AE-7B760A2E2589","","","","","","","","","","","","","","","","","","","","","","",""
"_B959F003-24D1-441C-8B4E-0FB030A68612","","","","","","","","","","","","","","","","","","","","","","",""
"_C4697A27-D379-4835-8796-E66C41EC12AD","","","","","","","","","","","","","","","","","","","","","","",""
"_26B7EBB0-EC1F-48A2-A00C-15BB409356C2","","","","","","","","","","","","","","","","","","","","","","",""
"_6EEAAE1C-24A2-4A83-BAEE-FA75CF94AE66","","","","","","","","","","","","","","","","","","","","","","",""
"_2F5DC4FE-20BA-4BDE-B7B9-2DD77E67BE6A","","","","","","","","","","","","","","","","","","","","","","",""
"_26F0D9A8-0CE9-427D-AF14-63668D8DE55C","","","","","","","","","","","","","","","","","","","","","","",""
