mRID,aliasName,description,name,Names,acceptableDuration,direction,OperationalLimit
"_F3C37241-6CA0-42BC-A1DF-0157803617C6","","","maple10bus_RangeAHiType","",5E009,"OperationalLimitDirectionKind.high","[{'@type': {'VoltageLimit'}, '@id': {'_0FD73221-216D-4DD3-A775-85DFB6E03F61'}}, {'@type': {'VoltageLimit'}, '@id': {'_59067F5E-2725-4C57-A0B2-D1C5492B874D'}}, {'@type': {'VoltageLimit'}, '@id': {'_92BE9F9F-E908-4216-BA49-377AA19F3D6A'}}, {'@type': {'VoltageLimit'}, '@id': {'_48F1CB80-9CBA-42B3-8E2F-5226718F4076'}}, {'@type': {'VoltageLimit'}, '@id': {'_949EFF00-4AA6-4148-9972-D921A5DBE220'}}]"
"_0370D97A-CFBB-4B7D-B29E-5F9F0FC99CDE","","","maple10bus_RangeALoType","",5E009,"OperationalLimitDirectionKind.low","[{'@type': {'VoltageLimit'}, '@id': {'_3341DCAF-DE54-42B4-B32F-15BA15C23828'}}, {'@type': {'VoltageLimit'}, '@id': {'_45EAB337-8EA4-40A1-B843-5EBF962165E4'}}, {'@type': {'VoltageLimit'}, '@id': {'_2E97E9C4-48EB-4BF8-A291-866F9F3E2EF4'}}, {'@type': {'VoltageLimit'}, '@id': {'_BEBF26AD-E99A-4D2E-9C72-FCA4C4EAD2E8'}}, {'@type': {'VoltageLimit'}, '@id': {'_F07B3580-F887-4201-8783-85199144B02B'}}]"
"_0DD6C023-191D-493F-895B-1D387309C2EF","","","maple10bus_RangeBLoType","",86400,"OperationalLimitDirectionKind.low","[{'@type': {'VoltageLimit'}, '@id': {'_3D2A0DA9-411A-4C97-87B8-8693B6919849'}}, {'@type': {'VoltageLimit'}, '@id': {'_6A5E0805-1130-4A3D-9D3F-1C0E5F4B940C'}}, {'@type': {'VoltageLimit'}, '@id': {'_3DF927EF-4759-4A17-8AE9-819E86B42A69'}}, {'@type': {'VoltageLimit'}, '@id': {'_79B90425-2DFC-4E19-8971-A8B7D69C1DB8'}}, {'@type': {'VoltageLimit'}, '@id': {'_41709D2F-C6C4-46A5-8971-1923F5C39548'}}]"
"_854B4983-DA04-4E60-84AB-0982C69CDDDE","","","maple10bus_RangeBHiType","",86400,"OperationalLimitDirectionKind.high","[{'@type': {'VoltageLimit'}, '@id': {'_4D1691AE-2351-43CB-B2DE-04E3A1EF9E70'}}, {'@type': {'VoltageLimit'}, '@id': {'_7E2AAD40-0337-4BEE-8DB3-15B11CAE0484'}}, {'@type': {'VoltageLimit'}, '@id': {'_609F80C8-AAC7-472B-BE61-A9133DD127B1'}}, {'@type': {'VoltageLimit'}, '@id': {'_70146217-DE76-47BD-8A11-77FF44923C43'}}, {'@type': {'VoltageLimit'}, '@id': {'_B121A8B6-5720-4B76-91D8-6CA398AFD2D7'}}]"
"_9C0E5F34-AC94-4433-B9D5-5576E4C58D19","","","maple10bus_EmergencyAmpsType","",7200,"OperationalLimitDirectionKind.absoluteValue","[{'@type': {'CurrentLimit'}, '@id': {'_1A7C92DD-0D9C-4ED2-AC34-FCA5D20C01C2'}}, {'@type': {'CurrentLimit'}, '@id': {'_35E39C4D-8224-4750-98B5-C4A70AA8601D'}}, {'@type': {'CurrentLimit'}, '@id': {'_38FE47D9-D01D-4FD6-B1C9-1E1636C06DB1'}}, {'@type': {'CurrentLimit'}, '@id': {'_F41CD712-1BF6-4B82-B681-9AA5AD59475D'}}]"
"_9656C3E3-973B-4C58-88DF-FAA8F72E83E1","","","maple10bus_NormAmpsType","",5E009,"OperationalLimitDirectionKind.absoluteValue","[{'@type': {'CurrentLimit'}, '@id': {'_2ACA44D1-9866-49AB-9668-073625970E79'}}, {'@type': {'CurrentLimit'}, '@id': {'_4BECD00D-B535-448A-854B-B5DB424A998B'}}, {'@type': {'CurrentLimit'}, '@id': {'_43349C1D-C5CF-44EF-A238-870F438610AE'}}, {'@type': {'CurrentLimit'}, '@id': {'_84370AD4-95B8-44AC-811C-DA9340DDA76D'}}]"
