mRID,aliasName,description,name,Names,ConnectivityNode,Equipment,OperationalLimitValue,Terminal
"_7E3D8626-3504-4F34-AC8E-DF89BA545C38","","","OpLimV_115.0000","","{'@type': {'ConnectivityNode'}, '@id': {'_0D55BF72-F120-4F78-BB1C-BEA724891508'}}","","[{'@type': {'VoltageLimit'}, '@id': {'_3D2A0DA9-411A-4C97-87B8-8693B6919849'}}, {'@type': {'VoltageLimit'}, '@id': {'_59067F5E-2725-4C57-A0B2-D1C5492B874D'}}, {'@type': {'VoltageLimit'}, '@id': {'_7E2AAD40-0337-4BEE-8DB3-15B11CAE0484'}}, {'@type': {'VoltageLimit'}, '@id': {'_BEBF26AD-E99A-4D2E-9C72-FCA4C4EAD2E8'}}]",""
"_6D333522-4984-4B4E-BE3B-AC5ECC98F883","","","OpLimV_12.4700","","{'@type': {'ConnectivityNode'}, '@id': {'_922BDBF2-A4AD-454B-922B-9BBC680FCEA7'}}","","[{'@type': {'VoltageLimit'}, '@id': {'_B121A8B6-5720-4B76-91D8-6CA398AFD2D7'}}, {'@type': {'VoltageLimit'}, '@id': {'_F07B3580-F887-4201-8783-85199144B02B'}}, {'@type': {'VoltageLimit'}, '@id': {'_949EFF00-4AA6-4148-9972-D921A5DBE220'}}, {'@type': {'VoltageLimit'}, '@id': {'_3DF927EF-4759-4A17-8AE9-819E86B42A69'}}]",""
"_7B32F7CF-9AB8-4AB3-BAA6-21C5D78EA043","","","OpLimV_4.1600","","{'@type': {'ConnectivityNode'}, '@id': {'_79930179-4C61-4DCD-9097-45AC7DE883D6'}}","","[{'@type': {'VoltageLimit'}, '@id': {'_41709D2F-C6C4-46A5-8971-1923F5C39548'}}, {'@type': {'VoltageLimit'}, '@id': {'_609F80C8-AAC7-472B-BE61-A9133DD127B1'}}, {'@type': {'VoltageLimit'}, '@id': {'_92BE9F9F-E908-4216-BA49-377AA19F3D6A'}}, {'@type': {'VoltageLimit'}, '@id': {'_45EAB337-8EA4-40A1-B843-5EBF962165E4'}}]",""
"_999D43F6-20CE-4045-96F4-7A52447A3AB0","","","OpLimV_34.5000","","{'@type': {'ConnectivityNode'}, '@id': {'_7E76273A-9AA4-4C8B-B6A3-B47CA3C3B5F2'}}","","[{'@type': {'VoltageLimit'}, '@id': {'_79B90425-2DFC-4E19-8971-A8B7D69C1DB8'}}, {'@type': {'VoltageLimit'}, '@id': {'_4D1691AE-2351-43CB-B2DE-04E3A1EF9E70'}}, {'@type': {'VoltageLimit'}, '@id': {'_2E97E9C4-48EB-4BF8-A291-866F9F3E2EF4'}}, {'@type': {'VoltageLimit'}, '@id': {'_48F1CB80-9CBA-42B3-8E2F-5226718F4076'}}]",""
"_00A857E9-F993-40B7-85A3-8A5B62DF2677","","","OpLimV_230.0000","","{'@type': {'ConnectivityNode'}, '@id': {'_8926086B-6E02-4DB1-AA63-7A2DE6988437'}}","","[{'@type': {'VoltageLimit'}, '@id': {'_3341DCAF-DE54-42B4-B32F-15BA15C23828'}}, {'@type': {'VoltageLimit'}, '@id': {'_70146217-DE76-47BD-8A11-77FF44923C43'}}, {'@type': {'VoltageLimit'}, '@id': {'_6A5E0805-1130-4A3D-9D3F-1C0E5F4B940C'}}, {'@type': {'VoltageLimit'}, '@id': {'_0FD73221-216D-4DD3-A775-85DFB6E03F61'}}]",""
"_9A03EFF7-A44E-48AF-9754-B6E9EF91AAF2","","","OpLimI_552.2_753.1","","","","[{'@type': {'CurrentLimit'}, '@id': {'_84370AD4-95B8-44AC-811C-DA9340DDA76D'}}, {'@type': {'CurrentLimit'}, '@id': {'_35E39C4D-8224-4750-98B5-C4A70AA8601D'}}]","{'@type': {'Terminal'}, '@id': {'_93EC5DAB-B4C6-4DA5-BE58-86AA3A88225D'}}"
"_48331E0D-5BC4-4C0D-8D21-0A74EDE44C5F","","","OpLimI_400.0_600.0","","","","[{'@type': {'CurrentLimit'}, '@id': {'_1A7C92DD-0D9C-4ED2-AC34-FCA5D20C01C2'}}, {'@type': {'CurrentLimit'}, '@id': {'_43349C1D-C5CF-44EF-A238-870F438610AE'}}]","{'@type': {'Terminal'}, '@id': {'_9F1726BE-84D8-4F70-AD88-E984F4D63ED6'}}"
"_EA3A5936-3A13-423E-BCA6-9A1F259BDB53","","","OpLimI_1840.8_2510.2","","","","[{'@type': {'CurrentLimit'}, '@id': {'_4BECD00D-B535-448A-854B-B5DB424A998B'}}, {'@type': {'CurrentLimit'}, '@id': {'_F41CD712-1BF6-4B82-B681-9AA5AD59475D'}}]","{'@type': {'Terminal'}, '@id': {'_73322CC2-E641-4C82-ADAF-13A556F5D72C'}}"
"_4D800B50-4AC2-464F-AB12-419164EC0B7A","","","OpLimI_276.1_376.5","","","","[{'@type': {'CurrentLimit'}, '@id': {'_38FE47D9-D01D-4FD6-B1C9-1E1636C06DB1'}}, {'@type': {'CurrentLimit'}, '@id': {'_2ACA44D1-9866-49AB-9668-073625970E79'}}]","{'@type': {'Terminal'}, '@id': {'_A7757559-CD54-430D-8166-968EA543F453'}}"
