mRID,aliasName,description,name,Names,AssetDatasheet,Assets,ConfigurationEvent,Controls,Location,Measurements,OperatingShare,PSRType,ReportingGroup,aggregate,inService,networkAnalysisEnabled,normallyInService,AdditionalEquipmentContainer,EquipmentContainer,Faults,OperationalLimitSet,UsagePoints,maxP,minP,PowerElectronicsConnection
"_1473D6FD-56F9-4AC9-9F52-8CD8AB5A7961","","","s8_der_ag2","","","","","","{'@type': {'Location'}, '@id': {'_2C8654B3-8942-4602-93A9-8B1BBB6F9A2C'}}","","","","","","","","","","","","","",,,"{'@type': {'PowerElectronicsConnection'}, '@id': {'_04E93124-24D3-4F16-8A7B-83DF7CA395AF'}}"
"_5025E6F4-53ED-43E7-834D-B1A2A0E950C4","","","s10_der_ag2","","","","","","{'@type': {'Location'}, '@id': {'_BC108308-A260-4726-B5E2-B469BC5F45BC'}}","","","","","","","","","","","","","",,,"{'@type': {'PowerElectronicsConnection'}, '@id': {'_099D790D-2F4B-476A-8757-6FB24685550B'}}"
"_912F95FF-7DB1-496A-97B2-17A52CFA815E","","","s7_der_ag1","","","","","","{'@type': {'Location'}, '@id': {'_FD8DFE34-4FBA-4DFB-83A7-7310BFF465AB'}}","","","","","","","","","","","","","",,,"{'@type': {'PowerElectronicsConnection'}, '@id': {'_157B3EBC-9473-408B-8DAA-B66B473DB3DB'}}"
"_79B4FE83-245C-46CD-8F13-5ABE80DA3C8D","","","s10_der_ag1","","","","","","{'@type': {'Location'}, '@id': {'_370F5918-4F54-4E10-9CAE-39361BC10BB8'}}","","","","","","","","","","","","","",,,"{'@type': {'PowerElectronicsConnection'}, '@id': {'_1B6D4E52-F7DA-46C6-9F9F-3006CF546573'}}"
"_AAB3EB31-DC2C-48CB-9529-A2C97127DE14","","","s9_der_ag1","","","","","","{'@type': {'Location'}, '@id': {'_44910790-ED9A-434E-B0FE-7DA48B0CDD5E'}}","","","","","","","","","","","","","",,,"{'@type': {'PowerElectronicsConnection'}, '@id': {'_5A6AA645-63C5-4711-ABB8-3C2EF1BF11F0'}}"
"_42743107-6D75-42C6-BFD1-D030F1D17750","","","s8_der_ag1","","","","","","{'@type': {'Location'}, '@id': {'_61C9E16D-B381-438B-AEA9-49E26041C46D'}}","","","","","","","","","","","","","",,,"{'@type': {'PowerElectronicsConnection'}, '@id': {'_8AA8A8EA-51D5-461E-9261-AD48661E6FE4'}}"
"_2CE85083-A42D-4C7E-85F9-B991C617B8C1","","","s9_der_ag2","","","","","","{'@type': {'Location'}, '@id': {'_F3B5CA58-D929-4F8E-9C63-3733EF683B8E'}}","","","","","","","","","","","","","",,,"{'@type': {'PowerElectronicsConnection'}, '@id': {'_92F2FAB4-C109-4B13-8ED0-E2F432595CE8'}}"
"_2EBC4364-E14C-4948-A51F-5F4A5A30B704","","","s7_der_ag3","","","","","","{'@type': {'Location'}, '@id': {'_89D81B71-CBF5-4D7C-8B1B-A61CD67A05C0'}}","","","","","","","","","","","","","",,,"{'@type': {'PowerElectronicsConnection'}, '@id': {'_A51522AE-AECE-41A0-897A-20420721B99A'}}"
"_EBB55CAB-51DF-4E88-8FA6-3BBD60DAB565","","","s5_der_ag","","","","","","{'@type': {'Location'}, '@id': {'_29B8F567-7D12-433A-AD0C-581123E15802'}}","","","","","","","","","","","","","",,,"{'@type': {'PowerElectronicsConnection'}, '@id': {'_B8384E2C-A236-4636-9E5F-363B3208E928'}}"
"_0FE233D3-0296-4C32-B25A-F49514FFDA69","","","s7_der_ag4","","","","","","{'@type': {'Location'}, '@id': {'_410805D0-ED0D-473F-9399-FD0B5DC46E92'}}","","","","","","","","","","","","","",,,"{'@type': {'PowerElectronicsConnection'}, '@id': {'_C86462B7-5A08-43B5-BCAD-93A981F26781'}}"
"_62496251-AADC-4293-85E3-31D012B4D2EC","","","s8_der_ag3","","","","","","{'@type': {'Location'}, '@id': {'_DAAE24FE-2624-47E4-B942-B2D07B40ABCA'}}","","","","","","","","","","","","","",,,"{'@type': {'PowerElectronicsConnection'}, '@id': {'_ECA48996-298B-44B3-8436-5907D6540926'}}"
