mRID,aliasName,description,name,Names,AssetDatasheet,Assets,ConfigurationEvent,Controls,Location,Measurements,OperatingShare,PSRType,ReportingGroup,aggregate,inService,networkAnalysisEnabled,normallyInService,AdditionalEquipmentContainer,EquipmentContainer,Faults,OperationalLimitSet,UsagePoints,BaseVoltage,SvStatus,Terminals,vectorGroup,PowerTransformerEnd,TransformerTanks
"_1C474FF5-E672-4C17-8B35-1F8BCC082049","","","xfmr34_12_1","","","","","","{'@type': {'Location'}, '@id': {'_37673997-C074-4F6B-B007-2CAD0588ADB2'}}","","","","","","","","","","{'@type': {'Substation'}, '@id': {'_FBE667A8-D26D-4B6B-AF9D-74AE20E96040'}}","","","","","","[{'@type': {'Terminal'}, '@id': {'_078DD663-6B2A-4462-A729-7C63899288F5'}}, {'@type': {'Terminal'}, '@id': {'_9164E0F4-7C5C-44E8-912E-2DFA5C9AF9E0'}}]","Yy","[{'@type': {'PowerTransformerEnd'}, '@id': {'_CAE586B4-213B-4205-AFCB-47A6915C39F8'}}, {'@type': {'PowerTransformerEnd'}, '@id': {'_6139CBB9-7304-4104-80D9-21BAD169BF41'}}]",""
"_DF6BD18F-7FAA-4182-9230-79BE38DC7436","","","xfmr34_12_2","","","","","","{'@type': {'Location'}, '@id': {'_E42F1B78-F765-458E-B58E-C3E0B71CE778'}}","","","","","","","","","","{'@type': {'Substation'}, '@id': {'_FBE667A8-D26D-4B6B-AF9D-74AE20E96040'}}","","","","","","[{'@type': {'Terminal'}, '@id': {'_009A7379-DD47-4217-8A16-93DE6A05E879'}}, {'@type': {'Terminal'}, '@id': {'_96115BFF-7F1E-4104-A8AB-2234ED76D39A'}}]","Yy","[{'@type': {'PowerTransformerEnd'}, '@id': {'_491EE8B9-8D1E-4732-82F4-5CBC2463DF67'}}, {'@type': {'PowerTransformerEnd'}, '@id': {'_7D66AB5A-8A56-43DE-AF53-406A6B081A74'}}]",""
"_1E208862-9A6E-45C5-8387-D20762FCED13","","","xfmr230_115_1","","","","","","{'@type': {'Location'}, '@id': {'_84EA3E5B-BBFB-4F74-A528-4A466CEABBE4'}}","","","","","","","","","","{'@type': {'Substation'}, '@id': {'_FBE667A8-D26D-4B6B-AF9D-74AE20E96040'}}","","","","","","[{'@type': {'Terminal'}, '@id': {'_E36CDCD0-B8E5-45E7-B558-0792E1A508ED'}}, {'@type': {'Terminal'}, '@id': {'_9DD45724-4188-4535-B049-0563E012935F'}}]","Yy","[{'@type': {'PowerTransformerEnd'}, '@id': {'_6A5164C0-165D-4C23-AAFF-767791021CEF'}}, {'@type': {'PowerTransformerEnd'}, '@id': {'_E4C3CEBC-C9C8-4F49-9ED4-894F222DD388'}}]",""
"_39252203-BD05-403C-92C7-4FB7F6BF9614","","","xfmr115_34_1","","","","","","{'@type': {'Location'}, '@id': {'_4701589D-7A30-4EEB-B7BE-2C4596F1971E'}}","","","","","","","","","","{'@type': {'Substation'}, '@id': {'_FBE667A8-D26D-4B6B-AF9D-74AE20E96040'}}","","","","","","[{'@type': {'Terminal'}, '@id': {'_93EC5DAB-B4C6-4DA5-BE58-86AA3A88225D'}}, {'@type': {'Terminal'}, '@id': {'_6A5FE826-2BCE-4E14-A77D-76305489DC26'}}]","Yy","[{'@type': {'PowerTransformerEnd'}, '@id': {'_6C84AC2F-35F9-47F8-BA22-B45CC7F69F4F'}}, {'@type': {'PowerTransformerEnd'}, '@id': {'_31B1DF01-AD15-4AC0-87C3-C7065F8015C7'}}]",""
"_50F3EF76-9431-4020-905B-9CDCB994A998","","","xfmr34_4_1","","","","","","{'@type': {'Location'}, '@id': {'_0B6ACC5E-579A-46A7-B932-E3681CE8C46D'}}","","","","","","","","","","{'@type': {'Substation'}, '@id': {'_FBE667A8-D26D-4B6B-AF9D-74AE20E96041'}}","","","","","","[{'@type': {'Terminal'}, '@id': {'_73322CC2-E641-4C82-ADAF-13A556F5D72C'}}, {'@type': {'Terminal'}, '@id': {'_EE6FFDF6-B0FB-4365-8BBE-CE62E5D17F99'}}]","Yy","[{'@type': {'PowerTransformerEnd'}, '@id': {'_8F7DFE87-FF91-46E9-A921-D2A2C92E5B39'}}, {'@type': {'PowerTransformerEnd'}, '@id': {'_010EDE84-E5A5-404D-8F0E-96D97EADB4A5'}}]",""
"_C57FECC5-D2FC-4821-8275-0516A49873B9","","","xfmr115_34_2","","","","","","{'@type': {'Location'}, '@id': {'_3A6883D0-9DC3-405D-AF45-E39ECF14717A'}}","","","","","","","","","","{'@type': {'Substation'}, '@id': {'_FBE667A8-D26D-4B6B-AF9D-74AE20E96041'}}","","","","","","[{'@type': {'Terminal'}, '@id': {'_48ED3313-8E3C-4FC6-B595-4C0EC5791CE9'}}, {'@type': {'Terminal'}, '@id': {'_031EF2DB-7182-447B-9A94-4E5556E22569'}}]","Yy","[{'@type': {'PowerTransformerEnd'}, '@id': {'_729834B2-65C5-4AE6-8A45-E4847B251462'}}, {'@type': {'PowerTransformerEnd'}, '@id': {'_B9EB6911-8980-4356-B965-19C75D7032C8'}}]",""
"_0C9F332E-7578-4E8C-B613-A31AC4F5104E","","","xfmr230_115_2","","","","","","{'@type': {'Location'}, '@id': {'_6445D289-3D51-4707-A0D9-9ED9440DC7AA'}}","","","","","","","","","","{'@type': {'Substation'}, '@id': {'_FBE667A8-D26D-4B6B-AF9D-74AE20E96041'}}","","","","","","[{'@type': {'Terminal'}, '@id': {'_85714C26-0AF2-4F81-B6D9-DAB0611CD20C'}}, {'@type': {'Terminal'}, '@id': {'_A7757559-CD54-430D-8166-968EA543F453'}}]","Yy","[{'@type': {'PowerTransformerEnd'}, '@id': {'_81506358-1C02-4407-B510-28C0D8A4E14E'}}, {'@type': {'PowerTransformerEnd'}, '@id': {'_E14B2A5D-A584-4187-BAB5-6A707D919E4C'}}]",""
"_1C95E234-82A2-4F69-8484-0EB74F2D5628","","","xfmr34_4_2","","","","","","{'@type': {'Location'}, '@id': {'_6033D474-7807-4CD6-A975-F251C8787E6D'}}","","","","","","","","","","{'@type': {'Substation'}, '@id': {'_FBE667A8-D26D-4B6B-AF9D-74AE20E96041'}}","","","","","","[{'@type': {'Terminal'}, '@id': {'_7A85776F-6F67-4A84-A9FB-4B8E70EBD735'}}, {'@type': {'Terminal'}, '@id': {'_28A4D8C4-19EF-4663-937D-74C2878E935C'}}]","Yy","[{'@type': {'PowerTransformerEnd'}, '@id': {'_AE4B698C-ADE4-4C05-B166-6634C344EB05'}}, {'@type': {'PowerTransformerEnd'}, '@id': {'_2E58A13C-3F3E-4B95-8D06-7EF5CEB59871'}}]",""
