mRID,aliasName,description,name,Names,endNumber,grounded,rground,xground,BaseVoltage,CoreAdmittance,FromMeshImpedance,PhaseTapChanger,RatioTapChanger,StarImpedance,Terminal,ToMeshImpedance,connectionKind,phaseAngleClock,r,ratedS,ratedU,PowerTransformer
"_81506358-1C02-4407-B510-28C0D8A4E14E","","","xfmr230_115_2_End_2","","2","true",0,0,"{'@type': {'BaseVoltage'}, '@id': {'_3F53ADB0-BF5C-4D1F-8B8A-4AA7391F743F'}}","","","","","","{'@type': {'Terminal'}, '@id': {'_85714C26-0AF2-4F81-B6D9-DAB0611CD20C'}}","[{'@type': {'TransformerMeshImpedance'}, '@id': {'_AAA790F6-8321-4FB3-8FD1-AF27102FD8DB'}}]","WindingConnection.Y","0",0,1E008,115000,"{'@type': {'PowerTransformer'}, '@id': {'_0C9F332E-7578-4E8C-B613-A31AC4F5104E'}}"
"_E14B2A5D-A584-4187-BAB5-6A707D919E4C","","","xfmr230_115_2_End_1","","1","true",0,0,"{'@type': {'BaseVoltage'}, '@id': {'_91E72B6A-E509-4A00-B80E-723CF1324E43'}}","{'@type': {'TransformerCoreAdmittance'}, '@id': {'_E6F17B2F-461A-4F52-8118-86FD115B1CCC'}}","[{'@type': {'TransformerMeshImpedance'}, '@id': {'_AAA790F6-8321-4FB3-8FD1-AF27102FD8DB'}}]","","","","{'@type': {'Terminal'}, '@id': {'_A7757559-CD54-430D-8166-968EA543F453'}}","","WindingConnection.Y","0",3.174,1E008,230000,"{'@type': {'PowerTransformer'}, '@id': {'_0C9F332E-7578-4E8C-B613-A31AC4F5104E'}}"
"_CAE586B4-213B-4205-AFCB-47A6915C39F8","","","xfmr34_12_1_End_1","","1","true",0,0,"{'@type': {'BaseVoltage'}, '@id': {'_C091A979-AA6F-45DC-846C-2F0256A63939'}}","{'@type': {'TransformerCoreAdmittance'}, '@id': {'_26821540-12B8-4354-8D77-D5D7833660F9'}}","[{'@type': {'TransformerMeshImpedance'}, '@id': {'_B07D886E-060B-41E9-A847-0CC0AAF09663'}}]","","","","{'@type': {'Terminal'}, '@id': {'_078DD663-6B2A-4462-A729-7C63899288F5'}}","","WindingConnection.Y","0",0.01309275,1E008,34500,"{'@type': {'PowerTransformer'}, '@id': {'_1C474FF5-E672-4C17-8B35-1F8BCC082049'}}"
"_6139CBB9-7304-4104-80D9-21BAD169BF41","","","xfmr34_12_1_End_2","","2","true",0,0,"{'@type': {'BaseVoltage'}, '@id': {'_E948842C-AAF0-4D10-80F5-C5A27B974348'}}","","","","","","{'@type': {'Terminal'}, '@id': {'_9164E0F4-7C5C-44E8-912E-2DFA5C9AF9E0'}}","[{'@type': {'TransformerMeshImpedance'}, '@id': {'_B07D886E-060B-41E9-A847-0CC0AAF09663'}}]","WindingConnection.Y","0",0,1E008,12470,"{'@type': {'PowerTransformer'}, '@id': {'_1C474FF5-E672-4C17-8B35-1F8BCC082049'}}"
"_AE4B698C-ADE4-4C05-B166-6634C344EB05","","","xfmr34_4_2_End_2","","2","true",0,0,"{'@type': {'BaseVoltage'}, '@id': {'_03C398DD-5CD0-4DA8-BB6B-457CC1169E5D'}}","","","","","","{'@type': {'Terminal'}, '@id': {'_7A85776F-6F67-4A84-A9FB-4B8E70EBD735'}}","[{'@type': {'TransformerMeshImpedance'}, '@id': {'_56009F51-71D9-4331-9D71-6035986C3041'}}]","WindingConnection.Y","0",0,1E008,4160,"{'@type': {'PowerTransformer'}, '@id': {'_1C95E234-82A2-4F69-8484-0EB74F2D5628'}}"
"_2E58A13C-3F3E-4B95-8D06-7EF5CEB59871","","","xfmr34_4_2_End_1","","1","true",0,0,"{'@type': {'BaseVoltage'}, '@id': {'_C091A979-AA6F-45DC-846C-2F0256A63939'}}","{'@type': {'TransformerCoreAdmittance'}, '@id': {'_B47F1E85-97E6-44D2-9054-FD9E6FB0B1A2'}}","[{'@type': {'TransformerMeshImpedance'}, '@id': {'_56009F51-71D9-4331-9D71-6035986C3041'}}]","","","","{'@type': {'Terminal'}, '@id': {'_28A4D8C4-19EF-4663-937D-74C2878E935C'}}","","WindingConnection.Y","0",0.119025,1E008,34500,"{'@type': {'PowerTransformer'}, '@id': {'_1C95E234-82A2-4F69-8484-0EB74F2D5628'}}"
"_6A5164C0-165D-4C23-AAFF-767791021CEF","","","xfmr230_115_1_End_2","","2","true",0,0,"{'@type': {'BaseVoltage'}, '@id': {'_3F53ADB0-BF5C-4D1F-8B8A-4AA7391F743F'}}","","","","","","{'@type': {'Terminal'}, '@id': {'_9DD45724-4188-4535-B049-0563E012935F'}}","[{'@type': {'TransformerMeshImpedance'}, '@id': {'_29CDC8C4-C73E-4BD2-8CF9-73A07E66509A'}}]","WindingConnection.Y","0",0,1E008,115000,"{'@type': {'PowerTransformer'}, '@id': {'_1E208862-9A6E-45C5-8387-D20762FCED13'}}"
"_E4C3CEBC-C9C8-4F49-9ED4-894F222DD388","","","xfmr230_115_1_End_1","","1","true",0,0,"{'@type': {'BaseVoltage'}, '@id': {'_91E72B6A-E509-4A00-B80E-723CF1324E43'}}","{'@type': {'TransformerCoreAdmittance'}, '@id': {'_0C8CC2F9-B8B0-43BE-9E7F-264DD97D9D95'}}","[{'@type': {'TransformerMeshImpedance'}, '@id': {'_29CDC8C4-C73E-4BD2-8CF9-73A07E66509A'}}]","","","","{'@type': {'Terminal'}, '@id': {'_E36CDCD0-B8E5-45E7-B558-0792E1A508ED'}}","","WindingConnection.Y","0",2.116,1E008,230000,"{'@type': {'PowerTransformer'}, '@id': {'_1E208862-9A6E-45C5-8387-D20762FCED13'}}"
"_6C84AC2F-35F9-47F8-BA22-B45CC7F69F4F","","","xfmr115_34_1_End_1","","1","true",0,0,"{'@type': {'BaseVoltage'}, '@id': {'_3F53ADB0-BF5C-4D1F-8B8A-4AA7391F743F'}}","{'@type': {'TransformerCoreAdmittance'}, '@id': {'_207F784B-278B-4457-8892-7618A26BD90F'}}","[{'@type': {'TransformerMeshImpedance'}, '@id': {'_AA3475E1-D921-49BB-A124-5A5D389E3102'}}]","","","","{'@type': {'Terminal'}, '@id': {'_93EC5DAB-B4C6-4DA5-BE58-86AA3A88225D'}}","","WindingConnection.Y","0",0.198375,1E008,115000,"{'@type': {'PowerTransformer'}, '@id': {'_39252203-BD05-403C-92C7-4FB7F6BF9614'}}"
"_31B1DF01-AD15-4AC0-87C3-C7065F8015C7","","","xfmr115_34_1_End_2","","2","true",0,0,"{'@type': {'BaseVoltage'}, '@id': {'_C091A979-AA6F-45DC-846C-2F0256A63939'}}","","","","","","{'@type': {'Terminal'}, '@id': {'_6A5FE826-2BCE-4E14-A77D-76305489DC26'}}","[{'@type': {'TransformerMeshImpedance'}, '@id': {'_AA3475E1-D921-49BB-A124-5A5D389E3102'}}]","WindingConnection.Y","0",0,1E008,34500,"{'@type': {'PowerTransformer'}, '@id': {'_39252203-BD05-403C-92C7-4FB7F6BF9614'}}"
"_8F7DFE87-FF91-46E9-A921-D2A2C92E5B39","","","xfmr34_4_1_End_2","","2","true",0,0,"{'@type': {'BaseVoltage'}, '@id': {'_03C398DD-5CD0-4DA8-BB6B-457CC1169E5D'}}","","","","","","{'@type': {'Terminal'}, '@id': {'_EE6FFDF6-B0FB-4365-8BBE-CE62E5D17F99'}}","[{'@type': {'TransformerMeshImpedance'}, '@id': {'_800476F9-B253-4006-837F-5CB08443E296'}}]","WindingConnection.Y","0",0,1E008,4160,"{'@type': {'PowerTransformer'}, '@id': {'_50F3EF76-9431-4020-905B-9CDCB994A998'}}"
"_010EDE84-E5A5-404D-8F0E-96D97EADB4A5","","","xfmr34_4_1_End_1","","1","true",0,0,"{'@type': {'BaseVoltage'}, '@id': {'_C091A979-AA6F-45DC-846C-2F0256A63939'}}","{'@type': {'TransformerCoreAdmittance'}, '@id': {'_EF926EB9-15A7-4523-97F9-5A7164CB2C9A'}}","[{'@type': {'TransformerMeshImpedance'}, '@id': {'_800476F9-B253-4006-837F-5CB08443E296'}}]","","","","{'@type': {'Terminal'}, '@id': {'_73322CC2-E641-4C82-ADAF-13A556F5D72C'}}","","WindingConnection.Y","0",0.119025,1E008,34500,"{'@type': {'PowerTransformer'}, '@id': {'_50F3EF76-9431-4020-905B-9CDCB994A998'}}"
"_729834B2-65C5-4AE6-8A45-E4847B251462","","","xfmr115_34_2_End_1","","1","true",0,0,"{'@type': {'BaseVoltage'}, '@id': {'_3F53ADB0-BF5C-4D1F-8B8A-4AA7391F743F'}}","{'@type': {'TransformerCoreAdmittance'}, '@id': {'_9FE98189-390B-4B8C-B3A4-F6F717D30687'}}","[{'@type': {'TransformerMeshImpedance'}, '@id': {'_A4865018-63D0-4FA1-8C7A-00B4528246A4'}}]","","","","{'@type': {'Terminal'}, '@id': {'_031EF2DB-7182-447B-9A94-4E5556E22569'}}","","WindingConnection.Y","0",0.2116,1E008,115000,"{'@type': {'PowerTransformer'}, '@id': {'_C57FECC5-D2FC-4821-8275-0516A49873B9'}}"
"_B9EB6911-8980-4356-B965-19C75D7032C8","","","xfmr115_34_2_End_2","","2","true",0,0,"{'@type': {'BaseVoltage'}, '@id': {'_C091A979-AA6F-45DC-846C-2F0256A63939'}}","","","","","","{'@type': {'Terminal'}, '@id': {'_48ED3313-8E3C-4FC6-B595-4C0EC5791CE9'}}","[{'@type': {'TransformerMeshImpedance'}, '@id': {'_A4865018-63D0-4FA1-8C7A-00B4528246A4'}}]","WindingConnection.Y","0",0,1E008,34500,"{'@type': {'PowerTransformer'}, '@id': {'_C57FECC5-D2FC-4821-8275-0516A49873B9'}}"
"_491EE8B9-8D1E-4732-82F4-5CBC2463DF67","","","xfmr34_12_2_End_1","","1","true",0,0,"{'@type': {'BaseVoltage'}, '@id': {'_C091A979-AA6F-45DC-846C-2F0256A63939'}}","{'@type': {'TransformerCoreAdmittance'}, '@id': {'_8B8CCCEE-F417-479B-A1ED-08D931BCE2ED'}}","[{'@type': {'TransformerMeshImpedance'}, '@id': {'_648AC09D-092E-48F4-998F-FF85CA21A462'}}]","","","","{'@type': {'Terminal'}, '@id': {'_96115BFF-7F1E-4104-A8AB-2234ED76D39A'}}","","WindingConnection.Y","0",0.0119025,1E008,34500,"{'@type': {'PowerTransformer'}, '@id': {'_DF6BD18F-7FAA-4182-9230-79BE38DC7436'}}"
"_7D66AB5A-8A56-43DE-AF53-406A6B081A74","","","xfmr34_12_2_End_2","","2","true",0,0,"{'@type': {'BaseVoltage'}, '@id': {'_E948842C-AAF0-4D10-80F5-C5A27B974348'}}","","","","","","{'@type': {'Terminal'}, '@id': {'_009A7379-DD47-4217-8A16-93DE6A05E879'}}","[{'@type': {'TransformerMeshImpedance'}, '@id': {'_648AC09D-092E-48F4-998F-FF85CA21A462'}}]","WindingConnection.Y","0",0,1E008,12470,"{'@type': {'PowerTransformer'}, '@id': {'_DF6BD18F-7FAA-4182-9230-79BE38DC7436'}}"
