mRID,aliasName,description,name,Names,AssetDatasheet,Assets,ConfigurationEvent,Controls,Location,Measurements,OperatingShare,PSRType,ReportingGroup,aggregate,inService,networkAnalysisEnabled,normallyInService,AdditionalEquipmentContainer,EquipmentContainer,Faults,OperationalLimitSet,UsagePoints,BaseVoltage,SvStatus,Terminals,controlEnabled,RegulatingControl,inverterMode,maxIFault,maxQ,minQ,p,q,ratedS,ratedU,IEEE1547ControlSettings,IEEE1547Info,IEEE1547Setting,IEEE1547TripSettings,PowerElectronicsConnectionPhases,PowerElectronicsUnit
"_157B3EBC-9473-408B-8DAA-B66B473DB3DB","","","s7_der_ag1","","","","","","{'@type': {'Location'}, '@id': {'_FD8DFE34-4FBA-4DFB-83A7-7310BFF465AB'}}","","","","","","","","","","{'@type': {'Feeder'}, '@id': {'_9E985101-27AD-4FE4-B36A-EBECC98CDFA1'}}","","","","","","[{'@type': {'Terminal'}, '@id': {'_0E10D636-F47E-4AD9-B59A-90D4E8484C88'}}]","","","",1.1111111,,,2000000,0,3000000,12470,"","","","","","[{'@type': {'PhotovoltaicUnit'}, '@id': {'_912F95FF-7DB1-496A-97B2-17A52CFA815E'}}]"
"_A51522AE-AECE-41A0-897A-20420721B99A","","","s7_der_ag3","","","","","","{'@type': {'Location'}, '@id': {'_89D81B71-CBF5-4D7C-8B1B-A61CD67A05C0'}}","","","","","","","","","","{'@type': {'Feeder'}, '@id': {'_9E985101-27AD-4FE4-B36A-EBECC98CDFA3'}}","","","","","","[{'@type': {'Terminal'}, '@id': {'_41CFE2FC-3FEA-4BB4-8982-6228F7CFD3EF'}}]","","","",1.1111111,,,2000000,0,3000000,12470,"","","","","","[{'@type': {'PhotovoltaicUnit'}, '@id': {'_2EBC4364-E14C-4948-A51F-5F4A5A30B704'}}]"
"_C86462B7-5A08-43B5-BCAD-93A981F26781","","","s7_der_ag4","","","","","","{'@type': {'Location'}, '@id': {'_410805D0-ED0D-473F-9399-FD0B5DC46E92'}}","","","","","","","","","","{'@type': {'Feeder'}, '@id': {'_9E985101-27AD-4FE4-B36A-EBECC98CDFA4'}}","","","","","","[{'@type': {'Terminal'}, '@id': {'_76AE3614-F370-4478-9FF3-FA1DF50F759E'}}]","","","",1.1111111,,,1000000,0,1500000,12470,"","","","","","[{'@type': {'PhotovoltaicUnit'}, '@id': {'_0FE233D3-0296-4C32-B25A-F49514FFDA69'}}]"
"_8AA8A8EA-51D5-461E-9261-AD48661E6FE4","","","s8_der_ag1","","","","","","{'@type': {'Location'}, '@id': {'_61C9E16D-B381-438B-AEA9-49E26041C46D'}}","","","","","","","","","","{'@type': {'Feeder'}, '@id': {'_9E985101-27AD-4FE4-B36A-EBECC98CDFA5'}}","","","","","","[{'@type': {'Terminal'}, '@id': {'_D12C4716-AB88-4DC4-A8AC-D06DF2DC3AF6'}}]","","","",1.1111111,,,5000000,0,7000000,12470,"","","","","","[{'@type': {'PhotovoltaicUnit'}, '@id': {'_42743107-6D75-42C6-BFD1-D030F1D17750'}}]"
"_04E93124-24D3-4F16-8A7B-83DF7CA395AF","","","s8_der_ag2","","","","","","{'@type': {'Location'}, '@id': {'_2C8654B3-8942-4602-93A9-8B1BBB6F9A2C'}}","","","","","","","","","","{'@type': {'Feeder'}, '@id': {'_9E985101-27AD-4FE4-B36A-EBECC98CDFA6'}}","","","","","","[{'@type': {'Terminal'}, '@id': {'_890B2A60-D64A-4ADE-BBA8-CE80527629E7'}}]","","","",1.1111111,,,2000000,0,3000000,12470,"","","","","","[{'@type': {'PhotovoltaicUnit'}, '@id': {'_1473D6FD-56F9-4AC9-9F52-8CD8AB5A7961'}}]"
"_ECA48996-298B-44B3-8436-5907D6540926","","","s8_der_ag3","","","","","","{'@type': {'Location'}, '@id': {'_DAAE24FE-2624-47E4-B942-B2D07B40ABCA'}}","","","","","","","","","","{'@type': {'Feeder'}, '@id': {'_9E985101-27AD-4FE4-B36A-EBECC98CDFA7'}}","","","","","","[{'@type': {'Terminal'}, '@id': {'_23987703-ECCC-4239-A46B-B657E65180D8'}}]","","","",1.1111111,,,6000000,0,8000000,12470,"","","","","","[{'@type': {'PhotovoltaicUnit'}, '@id': {'_62496251-AADC-4293-85E3-31D012B4D2EC'}}]"
"_5A6AA645-63C5-4711-ABB8-3C2EF1BF11F0","","","s9_der_ag1","","","","","","{'@type': {'Location'}, '@id': {'_44910790-ED9A-434E-B0FE-7DA48B0CDD5E'}}","","","","","","","","","","{'@type': {'Feeder'}, '@id': {'_9E985101-27AD-4FE4-B36A-EBECC98CDFB1'}}","","","","","","[{'@type': {'Terminal'}, '@id': {'_901EF8C7-E1DC-4EC9-BC69-EF3A64231E4A'}}]","","","",1.1111111,,,1000000,0,1500000,12470,"","","","","","[{'@type': {'PhotovoltaicUnit'}, '@id': {'_AAB3EB31-DC2C-48CB-9529-A2C97127DE14'}}]"
"_92F2FAB4-C109-4B13-8ED0-E2F432595CE8","","","s9_der_ag2","","","","","","{'@type': {'Location'}, '@id': {'_F3B5CA58-D929-4F8E-9C63-3733EF683B8E'}}","","","","","","","","","","{'@type': {'Feeder'}, '@id': {'_9E985101-27AD-4FE4-B36A-EBECC98CDFB2'}}","","","","","","[{'@type': {'Terminal'}, '@id': {'_2986B3B6-AE13-4933-93C5-22B5C2007FFC'}}]","","","",1.1111111,,,2000000,0,3000000,12470,"","","","","","[{'@type': {'PhotovoltaicUnit'}, '@id': {'_2CE85083-A42D-4C7E-85F9-B991C617B8C1'}}]"
"_1B6D4E52-F7DA-46C6-9F9F-3006CF546573","","","s10_der_ag1","","","","","","{'@type': {'Location'}, '@id': {'_370F5918-4F54-4E10-9CAE-39361BC10BB8'}}","","","","","","","","","","{'@type': {'Feeder'}, '@id': {'_9E985101-27AD-4FE4-B36A-EBECC98CDFB3'}}","","","","","","[{'@type': {'Terminal'}, '@id': {'_E5254241-0A1E-4F1B-AD14-7E2BF6F31E5D'}}]","","","",1.1111111,,,5000000,0,7000000,12470,"","","","","","[{'@type': {'PhotovoltaicUnit'}, '@id': {'_79B4FE83-245C-46CD-8F13-5ABE80DA3C8D'}}]"
"_099D790D-2F4B-476A-8757-6FB24685550B","","","s10_der_ag2","","","","","","{'@type': {'Location'}, '@id': {'_BC108308-A260-4726-B5E2-B469BC5F45BC'}}","","","","","","","","","","{'@type': {'Feeder'}, '@id': {'_9E985101-27AD-4FE4-B36A-EBECC98CDFB4'}}","","","","","","[{'@type': {'Terminal'}, '@id': {'_D2B982AA-B084-4B4D-9140-9DBEB4FAF5DF'}}]","","","",1.1111111,,,1000000,0,1500000,12470,"","","","","","[{'@type': {'PhotovoltaicUnit'}, '@id': {'_5025E6F4-53ED-43E7-834D-B1A2A0E950C4'}}]"
"_B8384E2C-A236-4636-9E5F-363B3208E928","","","s5_der_ag","","","","","","{'@type': {'Location'}, '@id': {'_29B8F567-7D12-433A-AD0C-581123E15802'}}","","","","","","","","","","{'@type': {'VoltageLevel'}, '@id': {'_D71C0860-1D62-4ECD-8239-6949B849DD8B'}}","","","","","","[{'@type': {'Terminal'}, '@id': {'_56194C55-EFC3-4888-9E92-374369DDA60E'}}]","","","",1.1111111,,,20000000,0,30000000,34500,"","","","","","[{'@type': {'PhotovoltaicUnit'}, '@id': {'_EBB55CAB-51DF-4E88-8FA6-3BBD60DAB565'}}]"
