mRID,aliasName,description,name,Names,connected,sequenceNumber,BusNameMarker,Measurements,OperationalLimitSet,BranchGroupTerminal,Bushing,ConductingEquipment,ConnectivityNode,EquipmentFaults,HasFirstMutualCoupling,HasSecondMutualCoupling,NormalHeadFeeder,RegulatingControl,SvPowerFlow,TopologicalNode,TransformerEnd
"_85714C26-0AF2-4F81-B6D9-DAB0611CD20C","","","xfmr230_115_2_T2","","","2","","","","","","{'@type': {'PowerTransformer'}, '@id': {'_0C9F332E-7578-4E8C-B613-A31AC4F5104E'}}","{'@type': {'ConnectivityNode'}, '@id': {'_448425EB-BED8-4D48-AD01-45CD3FD3F589'}}","","","","","","","","[{'@type': {'PowerTransformerEnd'}, '@id': {'_81506358-1C02-4407-B510-28C0D8A4E14E'}}]"
"_A7757559-CD54-430D-8166-968EA543F453","","","xfmr230_115_2_T1","","","1","","","[{'@type': {'OperationalLimitSet'}, '@id': {'_4D800B50-4AC2-464F-AB12-419164EC0B7A'}}]","","","{'@type': {'PowerTransformer'}, '@id': {'_0C9F332E-7578-4E8C-B613-A31AC4F5104E'}}","{'@type': {'ConnectivityNode'}, '@id': {'_8926086B-6E02-4DB1-AA63-7A2DE6988437'}}","","","","","","","","[{'@type': {'PowerTransformerEnd'}, '@id': {'_E14B2A5D-A584-4187-BAB5-6A707D919E4C'}}]"
"_078DD663-6B2A-4462-A729-7C63899288F5","","","xfmr34_12_1_T1","","","1","","","[{'@type': {'OperationalLimitSet'}, '@id': {'_EA3A5936-3A13-423E-BCA6-9A1F259BDB53'}}]","","","{'@type': {'PowerTransformer'}, '@id': {'_1C474FF5-E672-4C17-8B35-1F8BCC082049'}}","{'@type': {'ConnectivityNode'}, '@id': {'_8D00F697-47DB-4172-9FF1-FF048EDFA504'}}","","","","","","","","[{'@type': {'PowerTransformerEnd'}, '@id': {'_CAE586B4-213B-4205-AFCB-47A6915C39F8'}}]"
"_9164E0F4-7C5C-44E8-912E-2DFA5C9AF9E0","","","xfmr34_12_1_T2","","","2","","","","","","{'@type': {'PowerTransformer'}, '@id': {'_1C474FF5-E672-4C17-8B35-1F8BCC082049'}}","{'@type': {'ConnectivityNode'}, '@id': {'_3BC0FAD1-B6E3-4C0D-AA58-7B17ED2654C3'}}","","","","","","","","[{'@type': {'PowerTransformerEnd'}, '@id': {'_6139CBB9-7304-4104-80D9-21BAD169BF41'}}]"
"_7A85776F-6F67-4A84-A9FB-4B8E70EBD735","","","xfmr34_4_2_T2","","","2","","","","","","{'@type': {'PowerTransformer'}, '@id': {'_1C95E234-82A2-4F69-8484-0EB74F2D5628'}}","{'@type': {'ConnectivityNode'}, '@id': {'_3C88781D-9073-443B-919A-C076A68AF5D5'}}","","","","","","","","[{'@type': {'PowerTransformerEnd'}, '@id': {'_AE4B698C-ADE4-4C05-B166-6634C344EB05'}}]"
"_28A4D8C4-19EF-4663-937D-74C2878E935C","","","xfmr34_4_2_T1","","","1","","","[{'@type': {'OperationalLimitSet'}, '@id': {'_EA3A5936-3A13-423E-BCA6-9A1F259BDB53'}}]","","","{'@type': {'PowerTransformer'}, '@id': {'_1C95E234-82A2-4F69-8484-0EB74F2D5628'}}","{'@type': {'ConnectivityNode'}, '@id': {'_7E76273A-9AA4-4C8B-B6A3-B47CA3C3B5F2'}}","","","","","","","","[{'@type': {'PowerTransformerEnd'}, '@id': {'_2E58A13C-3F3E-4B95-8D06-7EF5CEB59871'}}]"
"_E36CDCD0-B8E5-45E7-B558-0792E1A508ED","","","xfmr230_115_1_T1","","","1","","","[{'@type': {'OperationalLimitSet'}, '@id': {'_4D800B50-4AC2-464F-AB12-419164EC0B7A'}}]","","","{'@type': {'PowerTransformer'}, '@id': {'_1E208862-9A6E-45C5-8387-D20762FCED13'}}","{'@type': {'ConnectivityNode'}, '@id': {'_8C92653F-13A3-4E63-BB77-2287ACA2CBB9'}}","","","","","","","","[{'@type': {'PowerTransformerEnd'}, '@id': {'_E4C3CEBC-C9C8-4F49-9ED4-894F222DD388'}}]"
"_9DD45724-4188-4535-B049-0563E012935F","","","xfmr230_115_1_T2","","","2","","","","","","{'@type': {'PowerTransformer'}, '@id': {'_1E208862-9A6E-45C5-8387-D20762FCED13'}}","{'@type': {'ConnectivityNode'}, '@id': {'_0D55BF72-F120-4F78-BB1C-BEA724891508'}}","","","","","","","","[{'@type': {'PowerTransformerEnd'}, '@id': {'_6A5164C0-165D-4C23-AAFF-767791021CEF'}}]"
"_93EC5DAB-B4C6-4DA5-BE58-86AA3A88225D","","","xfmr115_34_1_T1","","","1","","","[{'@type': {'OperationalLimitSet'}, '@id': {'_9A03EFF7-A44E-48AF-9754-B6E9EF91AAF2'}}]","","","{'@type': {'PowerTransformer'}, '@id': {'_39252203-BD05-403C-92C7-4FB7F6BF9614'}}","{'@type': {'ConnectivityNode'}, '@id': {'_0D55BF72-F120-4F78-BB1C-BEA724891508'}}","","","","","","","","[{'@type': {'PowerTransformerEnd'}, '@id': {'_6C84AC2F-35F9-47F8-BA22-B45CC7F69F4F'}}]"
"_6A5FE826-2BCE-4E14-A77D-76305489DC26","","","xfmr115_34_1_T2","","","2","","","","","","{'@type': {'PowerTransformer'}, '@id': {'_39252203-BD05-403C-92C7-4FB7F6BF9614'}}","{'@type': {'ConnectivityNode'}, '@id': {'_8D00F697-47DB-4172-9FF1-FF048EDFA504'}}","","","","","","","","[{'@type': {'PowerTransformerEnd'}, '@id': {'_31B1DF01-AD15-4AC0-87C3-C7065F8015C7'}}]"
"_73322CC2-E641-4C82-ADAF-13A556F5D72C","","","xfmr34_4_1_T1","","","1","","","[{'@type': {'OperationalLimitSet'}, '@id': {'_EA3A5936-3A13-423E-BCA6-9A1F259BDB53'}}]","","","{'@type': {'PowerTransformer'}, '@id': {'_50F3EF76-9431-4020-905B-9CDCB994A998'}}","{'@type': {'ConnectivityNode'}, '@id': {'_7E76273A-9AA4-4C8B-B6A3-B47CA3C3B5F2'}}","","","","","","","","[{'@type': {'PowerTransformerEnd'}, '@id': {'_010EDE84-E5A5-404D-8F0E-96D97EADB4A5'}}]"
"_EE6FFDF6-B0FB-4365-8BBE-CE62E5D17F99","","","xfmr34_4_1_T2","","","2","","","","","","{'@type': {'PowerTransformer'}, '@id': {'_50F3EF76-9431-4020-905B-9CDCB994A998'}}","{'@type': {'ConnectivityNode'}, '@id': {'_2D0DB373-22C7-4529-88AD-197B9FB5CBA8'}}","","","","","","","","[{'@type': {'PowerTransformerEnd'}, '@id': {'_8F7DFE87-FF91-46E9-A921-D2A2C92E5B39'}}]"
"_48ED3313-8E3C-4FC6-B595-4C0EC5791CE9","","","xfmr115_34_2_T2","","","2","","","","","","{'@type': {'PowerTransformer'}, '@id': {'_C57FECC5-D2FC-4821-8275-0516A49873B9'}}","{'@type': {'ConnectivityNode'}, '@id': {'_7E76273A-9AA4-4C8B-B6A3-B47CA3C3B5F2'}}","","","","","","","","[{'@type': {'PowerTransformerEnd'}, '@id': {'_B9EB6911-8980-4356-B965-19C75D7032C8'}}]"
"_031EF2DB-7182-447B-9A94-4E5556E22569","","","xfmr115_34_2_T1","","","1","","","[{'@type': {'OperationalLimitSet'}, '@id': {'_9A03EFF7-A44E-48AF-9754-B6E9EF91AAF2'}}]","","","{'@type': {'PowerTransformer'}, '@id': {'_C57FECC5-D2FC-4821-8275-0516A49873B9'}}","{'@type': {'ConnectivityNode'}, '@id': {'_448425EB-BED8-4D48-AD01-45CD3FD3F589'}}","","","","","","","","[{'@type': {'PowerTransformerEnd'}, '@id': {'_729834B2-65C5-4AE6-8A45-E4847B251462'}}]"
"_009A7379-DD47-4217-8A16-93DE6A05E879","","","xfmr34_12_2_T2","","","2","","","","","","{'@type': {'PowerTransformer'}, '@id': {'_DF6BD18F-7FAA-4182-9230-79BE38DC7436'}}","{'@type': {'ConnectivityNode'}, '@id': {'_7E6D4591-3F54-4028-8CC3-53A36552D78A'}}","","","","","","","","[{'@type': {'PowerTransformerEnd'}, '@id': {'_7D66AB5A-8A56-43DE-AF53-406A6B081A74'}}]"
"_96115BFF-7F1E-4104-A8AB-2234ED76D39A","","","xfmr34_12_2_T1","","","1","","","[{'@type': {'OperationalLimitSet'}, '@id': {'_EA3A5936-3A13-423E-BCA6-9A1F259BDB53'}}]","","","{'@type': {'PowerTransformer'}, '@id': {'_DF6BD18F-7FAA-4182-9230-79BE38DC7436'}}","{'@type': {'ConnectivityNode'}, '@id': {'_8D00F697-47DB-4172-9FF1-FF048EDFA504'}}","","","","","","","","[{'@type': {'PowerTransformerEnd'}, '@id': {'_491EE8B9-8D1E-4732-82F4-5CBC2463DF67'}}]"
"_1CB66D17-2339-4DDD-B6D7-E42BE4EC5BF5","","","s9_fdr2_T1","","","1","","","","","","{'@type': {'EnergyConsumer'}, '@id': {'_04ECFD72-EA3E-47F2-81A9-2C6083C87A3B'}}","{'@type': {'ConnectivityNode'}, '@id': {'_D9255620-8A04-49C4-A213-F3F9E480F18E'}}","","","","","","","",""
"_7D545789-C08D-4A7B-9AA4-9E13BE5C9857","","","s8_fdr1_T1","","","1","","","","","","{'@type': {'EnergyConsumer'}, '@id': {'_379B4089-777D-4023-B32D-0F8A837BF0BC'}}","{'@type': {'ConnectivityNode'}, '@id': {'_922BDBF2-A4AD-454B-922B-9BBC680FCEA7'}}","","","","","","","",""
"_190A9D3C-93B5-4501-B30A-3515392FD61A","","","s8_fdr2_T1","","","1","","","","","","{'@type': {'EnergyConsumer'}, '@id': {'_3BD2AF68-6BE0-4B32-8F42-7C96B62A21F4'}}","{'@type': {'ConnectivityNode'}, '@id': {'_38118D32-5E9B-4A0E-A360-F861FFA1CBF9'}}","","","","","","","",""
"_2BF739C9-1B07-4844-B87C-EF9E602C9F76","","","s5_T1","","","1","","","","","","{'@type': {'EnergyConsumer'}, '@id': {'_41D30B47-030B-4242-B926-A1A7537886AC'}}","{'@type': {'ConnectivityNode'}, '@id': {'_8D00F697-47DB-4172-9FF1-FF048EDFA504'}}","","","","","","","",""
"_D01D53CB-A351-43F4-8B34-2B8E4E36CBF0","","","s6_T1","","","1","","","","","","{'@type': {'EnergyConsumer'}, '@id': {'_4E4CC4DC-A2AF-4299-8A5D-27F7C6602593'}}","{'@type': {'ConnectivityNode'}, '@id': {'_7E76273A-9AA4-4C8B-B6A3-B47CA3C3B5F2'}}","","","","","","","",""
"_0B894485-EE80-4D93-AC02-8E039F321CCD","","","s10_fdr1_T1","","","1","","","","","","{'@type': {'EnergyConsumer'}, '@id': {'_59AD3145-387C-43C9-ABE2-450D056B4A87'}}","{'@type': {'ConnectivityNode'}, '@id': {'_7D70A3D4-E20C-4B73-8FAC-8996CC361E20'}}","","","","","","","",""
"_3F6DFA38-1580-4D5C-959C-5DF61F4C8336","","","s7_fdr1_T1","","","1","","","","","","{'@type': {'EnergyConsumer'}, '@id': {'_60CB1033-6383-4959-9241-97B1E1786D8B'}}","{'@type': {'ConnectivityNode'}, '@id': {'_B7A60D0E-5129-47B3-8B0E-00DD217FA194'}}","","","","","","","",""
"_133BCD1A-E123-4ECF-87DF-8747AE335523","","","s7_fdr3_T1","","","1","","","","","","{'@type': {'EnergyConsumer'}, '@id': {'_69299102-B967-4D38-B382-A8E3C12745F1'}}","{'@type': {'ConnectivityNode'}, '@id': {'_D491FA14-7DD1-438F-B132-7F4917AFCF19'}}","","","","","","","",""
"_5A7CE8C0-CC5E-4AFE-92CF-F2F1BE4BEEC8","","","s10_fdr2_T1","","","1","","","","","","{'@type': {'EnergyConsumer'}, '@id': {'_76CD87C0-7C66-4980-99DC-2FC3009E1F4A'}}","{'@type': {'ConnectivityNode'}, '@id': {'_4664F7E9-D74E-4D39-91B1-A700D4D9F6F8'}}","","","","","","","",""
"_B007086A-028B-47EA-ADCF-D607FAEC45B0","","","s8_fdr3_T1","","","1","","","","","","{'@type': {'EnergyConsumer'}, '@id': {'_843C8A05-7267-41AB-9C33-4C1128FA13A5'}}","{'@type': {'ConnectivityNode'}, '@id': {'_5AE2E30B-6A55-4FA7-BF02-35241CEC0C5B'}}","","","","","","","",""
"_A4D55BFF-977B-4A68-A9AA-71C3DC8A7327","","","s9_fdr1_T1","","","1","","","","","","{'@type': {'EnergyConsumer'}, '@id': {'_8BE6E4B1-5D80-4251-AC21-8B4F535BB1C7'}}","{'@type': {'ConnectivityNode'}, '@id': {'_79930179-4C61-4DCD-9097-45AC7DE883D6'}}","","","","","","","",""
"_8CD8D308-1E5E-4ACC-AAB0-2BAE4173CE3F","","","s7_fdr2_T1","","","1","","","","","","{'@type': {'EnergyConsumer'}, '@id': {'_ABC44803-D17C-4399-902D-1845EFFC6843'}}","{'@type': {'ConnectivityNode'}, '@id': {'_26E1BBB1-6339-41CC-BFE9-658FECE8AD06'}}","","","","","","","",""
"_224981B8-8D26-4FA5-A0FC-A90CFB153A79","","","s7_fdr4_T1","","","1","","","","","","{'@type': {'EnergyConsumer'}, '@id': {'_CA84A9C3-56C0-42DE-B31F-22EB8E56570D'}}","{'@type': {'ConnectivityNode'}, '@id': {'_F819B704-AC99-4950-B551-DCA6C7DEE711'}}","","","","","","","",""
"_890B2A60-D64A-4ADE-BBA8-CE80527629E7","","","s8_der_ag2_T1","","","1","","","","","","{'@type': {'PowerElectronicsConnection'}, '@id': {'_04E93124-24D3-4F16-8A7B-83DF7CA395AF'}}","{'@type': {'ConnectivityNode'}, '@id': {'_38118D32-5E9B-4A0E-A360-F861FFA1CBF9'}}","","","","","","","",""
"_D2B982AA-B084-4B4D-9140-9DBEB4FAF5DF","","","s10_der_ag2_T1","","","1","","","","","","{'@type': {'PowerElectronicsConnection'}, '@id': {'_099D790D-2F4B-476A-8757-6FB24685550B'}}","{'@type': {'ConnectivityNode'}, '@id': {'_4664F7E9-D74E-4D39-91B1-A700D4D9F6F8'}}","","","","","","","",""
"_0E10D636-F47E-4AD9-B59A-90D4E8484C88","","","s7_der_ag1_T1","","","1","","","","","","{'@type': {'PowerElectronicsConnection'}, '@id': {'_157B3EBC-9473-408B-8DAA-B66B473DB3DB'}}","{'@type': {'ConnectivityNode'}, '@id': {'_B7A60D0E-5129-47B3-8B0E-00DD217FA194'}}","","","","","","","",""
"_E5254241-0A1E-4F1B-AD14-7E2BF6F31E5D","","","s10_der_ag1_T1","","","1","","","","","","{'@type': {'PowerElectronicsConnection'}, '@id': {'_1B6D4E52-F7DA-46C6-9F9F-3006CF546573'}}","{'@type': {'ConnectivityNode'}, '@id': {'_7D70A3D4-E20C-4B73-8FAC-8996CC361E20'}}","","","","","","","",""
"_901EF8C7-E1DC-4EC9-BC69-EF3A64231E4A","","","s9_der_ag1_T1","","","1","","","","","","{'@type': {'PowerElectronicsConnection'}, '@id': {'_5A6AA645-63C5-4711-ABB8-3C2EF1BF11F0'}}","{'@type': {'ConnectivityNode'}, '@id': {'_79930179-4C61-4DCD-9097-45AC7DE883D6'}}","","","","","","","",""
"_D12C4716-AB88-4DC4-A8AC-D06DF2DC3AF6","","","s8_der_ag1_T1","","","1","","","","","","{'@type': {'PowerElectronicsConnection'}, '@id': {'_8AA8A8EA-51D5-461E-9261-AD48661E6FE4'}}","{'@type': {'ConnectivityNode'}, '@id': {'_922BDBF2-A4AD-454B-922B-9BBC680FCEA7'}}","","","","","","","",""
"_2986B3B6-AE13-4933-93C5-22B5C2007FFC","","","s9_der_ag2_T1","","","1","","","","","","{'@type': {'PowerElectronicsConnection'}, '@id': {'_92F2FAB4-C109-4B13-8ED0-E2F432595CE8'}}","{'@type': {'ConnectivityNode'}, '@id': {'_D9255620-8A04-49C4-A213-F3F9E480F18E'}}","","","","","","","",""
"_41CFE2FC-3FEA-4BB4-8982-6228F7CFD3EF","","","s7_der_ag3_T1","","","1","","","","","","{'@type': {'PowerElectronicsConnection'}, '@id': {'_A51522AE-AECE-41A0-897A-20420721B99A'}}","{'@type': {'ConnectivityNode'}, '@id': {'_D491FA14-7DD1-438F-B132-7F4917AFCF19'}}","","","","","","","",""
"_56194C55-EFC3-4888-9E92-374369DDA60E","","","s5_der_ag_T1","","","1","","","","","","{'@type': {'PowerElectronicsConnection'}, '@id': {'_B8384E2C-A236-4636-9E5F-363B3208E928'}}","{'@type': {'ConnectivityNode'}, '@id': {'_8D00F697-47DB-4172-9FF1-FF048EDFA504'}}","","","","","","","",""
"_76AE3614-F370-4478-9FF3-FA1DF50F759E","","","s7_der_ag4_T1","","","1","","","","","","{'@type': {'PowerElectronicsConnection'}, '@id': {'_C86462B7-5A08-43B5-BCAD-93A981F26781'}}","{'@type': {'ConnectivityNode'}, '@id': {'_F819B704-AC99-4950-B551-DCA6C7DEE711'}}","","","","","","","",""
"_23987703-ECCC-4239-A46B-B657E65180D8","","","s8_der_ag3_T1","","","1","","","","","","{'@type': {'PowerElectronicsConnection'}, '@id': {'_ECA48996-298B-44B3-8436-5907D6540926'}}","{'@type': {'ConnectivityNode'}, '@id': {'_5AE2E30B-6A55-4FA7-BF02-35241CEC0C5B'}}","","","","","","","",""
"_1CF9A8C8-3034-4FC8-B42F-5FD6A4C5A3D0","","","hv_line_2_T1","","","1","","","[{'@type': {'OperationalLimitSet'}, '@id': {'_48331E0D-5BC4-4C0D-8D21-0A74EDE44C5F'}}]","","","{'@type': {'ACLineSegment'}, '@id': {'_70FC83AE-8A6B-40D5-A6D3-0136344B01EE'}}","{'@type': {'ConnectivityNode'}, '@id': {'_0D55BF72-F120-4F78-BB1C-BEA724891508'}}","","","","","","","",""
"_90518AEA-F8D0-4C03-960E-980E8C112289","","","s7_b2_T2","","","2","","","","","","{'@type': {'Breaker'}, '@id': {'_63952C14-0121-4EC1-B001-29B7FA4FEB59'}}","{'@type': {'ConnectivityNode'}, '@id': {'_26E1BBB1-6339-41CC-BFE9-658FECE8AD06'}}","","","","","","","",""
"_DF993964-E3E1-4279-BD75-133BDA0460CC","","","s9_b1_T1","","","1","","","[{'@type': {'OperationalLimitSet'}, '@id': {'_48331E0D-5BC4-4C0D-8D21-0A74EDE44C5F'}}]","","","{'@type': {'Breaker'}, '@id': {'_536036DC-B1AE-4185-A41C-DB82E003DA32'}}","{'@type': {'ConnectivityNode'}, '@id': {'_2D0DB373-22C7-4529-88AD-197B9FB5CBA8'}}","","","","","","","",""
"_48125BCA-9AAE-481A-AB0C-87F7936CB46D","","","s9_b2_T1","","","1","","","[{'@type': {'OperationalLimitSet'}, '@id': {'_48331E0D-5BC4-4C0D-8D21-0A74EDE44C5F'}}]","","","{'@type': {'Breaker'}, '@id': {'_AEC27F44-AA56-47BE-B3F1-2F5D6C6EEB3E'}}","{'@type': {'ConnectivityNode'}, '@id': {'_2D0DB373-22C7-4529-88AD-197B9FB5CBA8'}}","","","","","","","",""
"_B440C8CB-F7A2-4D2C-B539-9532C65FBC16","","","s8_b2_T2","","","2","","","","","","{'@type': {'Breaker'}, '@id': {'_AD2D6921-A1B0-4346-B941-365501A472CE'}}","{'@type': {'ConnectivityNode'}, '@id': {'_38118D32-5E9B-4A0E-A360-F861FFA1CBF9'}}","","","","","","","",""
"_4C7403C7-9B50-463C-9012-67F15BD41A67","","","s7_b2_T1","","","1","","","[{'@type': {'OperationalLimitSet'}, '@id': {'_48331E0D-5BC4-4C0D-8D21-0A74EDE44C5F'}}]","","","{'@type': {'Breaker'}, '@id': {'_63952C14-0121-4EC1-B001-29B7FA4FEB59'}}","{'@type': {'ConnectivityNode'}, '@id': {'_3BC0FAD1-B6E3-4C0D-AA58-7B17ED2654C3'}}","","","","","","","",""
"_CF6A23E2-87B3-4110-B0AD-C56273694437","","","s7_b4_T1","","","1","","","[{'@type': {'OperationalLimitSet'}, '@id': {'_48331E0D-5BC4-4C0D-8D21-0A74EDE44C5F'}}]","","","{'@type': {'Breaker'}, '@id': {'_C63A16AB-72F2-4A84-905F-DA9462CF9943'}}","{'@type': {'ConnectivityNode'}, '@id': {'_3BC0FAD1-B6E3-4C0D-AA58-7B17ED2654C3'}}","","","","","","","",""
"_470114C1-5165-40AD-876D-89F29CAF26A5","","","s7_b1_T1","","","1","","","[{'@type': {'OperationalLimitSet'}, '@id': {'_48331E0D-5BC4-4C0D-8D21-0A74EDE44C5F'}}]","","","{'@type': {'Breaker'}, '@id': {'_90B9E60D-92E8-48AD-A5BB-430685A6D52E'}}","{'@type': {'ConnectivityNode'}, '@id': {'_3BC0FAD1-B6E3-4C0D-AA58-7B17ED2654C3'}}","","","","","","","",""
"_87739A68-1A8A-4881-BC35-39F3B6038C38","","","s7_b3_T1","","","1","","","[{'@type': {'OperationalLimitSet'}, '@id': {'_48331E0D-5BC4-4C0D-8D21-0A74EDE44C5F'}}]","","","{'@type': {'Breaker'}, '@id': {'_6EB19C31-B0A1-434A-BC13-A176A83FAD29'}}","{'@type': {'ConnectivityNode'}, '@id': {'_3BC0FAD1-B6E3-4C0D-AA58-7B17ED2654C3'}}","","","","","","","",""
"_AFEBE33D-E98D-44A5-AB25-6276DB9B9725","","","s10_b2_T1","","","1","","","[{'@type': {'OperationalLimitSet'}, '@id': {'_48331E0D-5BC4-4C0D-8D21-0A74EDE44C5F'}}]","","","{'@type': {'Breaker'}, '@id': {'_C173C171-30D6-45FE-82E6-274C3B8AFD22'}}","{'@type': {'ConnectivityNode'}, '@id': {'_3C88781D-9073-443B-919A-C076A68AF5D5'}}","","","","","","","",""
"_9F1726BE-84D8-4F70-AD88-E984F4D63ED6","","","s10_b1_T1","","","1","","","[{'@type': {'OperationalLimitSet'}, '@id': {'_48331E0D-5BC4-4C0D-8D21-0A74EDE44C5F'}}]","","","{'@type': {'Breaker'}, '@id': {'_EE4088E9-BF5B-429B-9DEB-1C2CA1856023'}}","{'@type': {'ConnectivityNode'}, '@id': {'_3C88781D-9073-443B-919A-C076A68AF5D5'}}","","","","","","","",""
"_8CD17211-5F45-4D3E-8FBA-E0968338E142","","","hv_line_2_T2","","","2","","","","","","{'@type': {'ACLineSegment'}, '@id': {'_70FC83AE-8A6B-40D5-A6D3-0136344B01EE'}}","{'@type': {'ConnectivityNode'}, '@id': {'_448425EB-BED8-4D48-AD01-45CD3FD3F589'}}","","","","","","","",""
"_E6913E18-4D6E-42AE-A9B7-E82C07C3C751","","","s10_b2_T2","","","2","","","","","","{'@type': {'Breaker'}, '@id': {'_C173C171-30D6-45FE-82E6-274C3B8AFD22'}}","{'@type': {'ConnectivityNode'}, '@id': {'_4664F7E9-D74E-4D39-91B1-A700D4D9F6F8'}}","","","","","","","",""
"_F4EFB24D-A4E4-4EFC-A7EC-84AE6E9F7B67","","","s8_b3_T2","","","2","","","","","","{'@type': {'Breaker'}, '@id': {'_97238F75-6FC2-4128-82AB-D39C0875449F'}}","{'@type': {'ConnectivityNode'}, '@id': {'_5AE2E30B-6A55-4FA7-BF02-35241CEC0C5B'}}","","","","","","","",""
"_40524A25-9B3A-4C36-8162-C56633C61187","","","s9_b1_T2","","","2","","","","","","{'@type': {'Breaker'}, '@id': {'_536036DC-B1AE-4185-A41C-DB82E003DA32'}}","{'@type': {'ConnectivityNode'}, '@id': {'_79930179-4C61-4DCD-9097-45AC7DE883D6'}}","","","","","","","",""
"_8383F73D-E404-4E37-AEA6-3299FF168C6D","","","s10_b1_T2","","","2","","","","","","{'@type': {'Breaker'}, '@id': {'_EE4088E9-BF5B-429B-9DEB-1C2CA1856023'}}","{'@type': {'ConnectivityNode'}, '@id': {'_7D70A3D4-E20C-4B73-8FAC-8996CC361E20'}}","","","","","","","",""
"_06A8FA2A-8D9D-43E3-9B2F-0FD3F50B3D23","","","s8_b1_T1","","","1","","","[{'@type': {'OperationalLimitSet'}, '@id': {'_48331E0D-5BC4-4C0D-8D21-0A74EDE44C5F'}}]","","","{'@type': {'Breaker'}, '@id': {'_4E444BD4-AC52-49BC-8520-FE3372B8CD5F'}}","{'@type': {'ConnectivityNode'}, '@id': {'_7E6D4591-3F54-4028-8CC3-53A36552D78A'}}","","","","","","","",""
"_62B57B1F-A519-4FFB-B5DF-424583C3FD8D","","","s8_b2_T1","","","1","","","[{'@type': {'OperationalLimitSet'}, '@id': {'_48331E0D-5BC4-4C0D-8D21-0A74EDE44C5F'}}]","","","{'@type': {'Breaker'}, '@id': {'_AD2D6921-A1B0-4346-B941-365501A472CE'}}","{'@type': {'ConnectivityNode'}, '@id': {'_7E6D4591-3F54-4028-8CC3-53A36552D78A'}}","","","","","","","",""
"_2F62FA93-4F39-443E-A559-8A86D89BBF11","","","s8_b3_T1","","","1","","","[{'@type': {'OperationalLimitSet'}, '@id': {'_48331E0D-5BC4-4C0D-8D21-0A74EDE44C5F'}}]","","","{'@type': {'Breaker'}, '@id': {'_97238F75-6FC2-4128-82AB-D39C0875449F'}}","{'@type': {'ConnectivityNode'}, '@id': {'_7E6D4591-3F54-4028-8CC3-53A36552D78A'}}","","","","","","","",""
"_3D5F8757-D9BE-48CE-9922-59CA945366F9","","","hv_line_1_T2","","","2","","","","","","{'@type': {'ACLineSegment'}, '@id': {'_74E8AB75-1F55-494B-B534-96E138B3E372'}}","{'@type': {'ConnectivityNode'}, '@id': {'_8926086B-6E02-4DB1-AA63-7A2DE6988437'}}","","","","","","","",""
"_E868B94F-572B-4745-B2B6-204E077A83E4","","","hv_line_1_T1","","","1","","","[{'@type': {'OperationalLimitSet'}, '@id': {'_48331E0D-5BC4-4C0D-8D21-0A74EDE44C5F'}}]","","","{'@type': {'ACLineSegment'}, '@id': {'_74E8AB75-1F55-494B-B534-96E138B3E372'}}","{'@type': {'ConnectivityNode'}, '@id': {'_8C92653F-13A3-4E63-BB77-2287ACA2CBB9'}}","","","","","","","",""
"_BBEB716A-1F07-4696-953E-902E81281D0D","","","source_T1","","","1","","","","","","{'@type': {'EnergySource'}, '@id': {'_32E2D453-1D77-445B-AEE3-C7D24CCDE684'}}","{'@type': {'ConnectivityNode'}, '@id': {'_8C92653F-13A3-4E63-BB77-2287ACA2CBB9'}}","","","","","","","",""
"_CE6DD7CA-00BF-483F-AEB3-6EFCB2658A3D","","","hv_bk_1_T1","","","1","","","[{'@type': {'OperationalLimitSet'}, '@id': {'_48331E0D-5BC4-4C0D-8D21-0A74EDE44C5F'}}]","","","{'@type': {'Breaker'}, '@id': {'_276809DF-6493-4DAE-A7BB-AD78A5F0DA95'}}","{'@type': {'ConnectivityNode'}, '@id': {'_8C92653F-13A3-4E63-BB77-2287ACA2CBB9'}}","","","","","","","",""
"_D0CA21D1-22E7-490F-B378-8CCEA6440594","","","s8_b1_T2","","","2","","","","","","{'@type': {'Breaker'}, '@id': {'_4E444BD4-AC52-49BC-8520-FE3372B8CD5F'}}","{'@type': {'ConnectivityNode'}, '@id': {'_922BDBF2-A4AD-454B-922B-9BBC680FCEA7'}}","","","","","","","",""
"_A06CE692-4BBE-4FD0-A490-D8B1D9302748","","","s7_b1_T2","","","2","","","","","","{'@type': {'Breaker'}, '@id': {'_90B9E60D-92E8-48AD-A5BB-430685A6D52E'}}","{'@type': {'ConnectivityNode'}, '@id': {'_B7A60D0E-5129-47B3-8B0E-00DD217FA194'}}","","","","","","","",""
"_8D9100BC-5106-4BF1-8B43-4F509A5A0673","","","s7_b3_T2","","","2","","","","","","{'@type': {'Breaker'}, '@id': {'_6EB19C31-B0A1-434A-BC13-A176A83FAD29'}}","{'@type': {'ConnectivityNode'}, '@id': {'_D491FA14-7DD1-438F-B132-7F4917AFCF19'}}","","","","","","","",""
"_88C03456-1D1A-4B9C-BF26-1C6401DFCF2F","","","hv_bk_1_T2","","","2","","","","","","{'@type': {'Breaker'}, '@id': {'_276809DF-6493-4DAE-A7BB-AD78A5F0DA95'}}","{'@type': {'ConnectivityNode'}, '@id': {'_D83FEB64-24C1-42BA-8DEE-D7E1E226BC26'}}","","","","","","","",""
"_F8D273C9-59EC-4792-91B8-33E198655691","","","gen1_T1","","","1","","","","","","{'@type': {'SynchronousMachine'}, '@id': {'_8392C7A6-3018-4031-97CF-475B2902B944'}}","{'@type': {'ConnectivityNode'}, '@id': {'_D83FEB64-24C1-42BA-8DEE-D7E1E226BC26'}}","","","","","","","",""
"_730B2B49-DDCD-457A-808B-710FA6F72F31","","","s9_b2_T2","","","2","","","","","","{'@type': {'Breaker'}, '@id': {'_AEC27F44-AA56-47BE-B3F1-2F5D6C6EEB3E'}}","{'@type': {'ConnectivityNode'}, '@id': {'_D9255620-8A04-49C4-A213-F3F9E480F18E'}}","","","","","","","",""
"_FE9F2923-29AC-4321-A35F-9B047244AF1C","","","s7_b4_T2","","","2","","","","","","{'@type': {'Breaker'}, '@id': {'_C63A16AB-72F2-4A84-905F-DA9462CF9943'}}","{'@type': {'ConnectivityNode'}, '@id': {'_F819B704-AC99-4950-B551-DCA6C7DEE711'}}","","","","","","","",""
