mRID,aliasName,description,name,Names,pInjection,qInjection,AngleRefTopologicalIsland,BaseVoltage,BusNameMarker,ConnectivityNodeContainer,ConnectivityNodes,ReportingGroup,SvInjection,SvVoltage,Terminal,TopologicalIsland
"_CEED142A-2277-4394-A4D0-B298C94FB1CA","","","bus_3_115kv","",,,"","","","","[{'@type': {'ConnectivityNode'}, '@id': {'_0D55BF72-F120-4F78-BB1C-BEA724891508'}}]","","","","","{'@type': {'TopologicalIsland'}, '@id': {'_29C7D946-2BEB-4331-B25B-A2C078AEC9B2'}}"
"_5FF12953-5A85-46E9-BEFE-ABEEEDC4EBE2","","","bus_7_12_47_f2","",,,"","","","","[{'@type': {'ConnectivityNode'}, '@id': {'_26E1BBB1-6339-41CC-BFE9-658FECE8AD06'}}]","","","","","{'@type': {'TopologicalIsland'}, '@id': {'_29C7D946-2BEB-4331-B25B-A2C078AEC9B2'}}"
"_55720DFD-05BD-4662-BBEE-0131D62E7D81","","","bus_9_4kv","",,,"","","","","[{'@type': {'ConnectivityNode'}, '@id': {'_2D0DB373-22C7-4529-88AD-197B9FB5CBA8'}}]","","","","","{'@type': {'TopologicalIsland'}, '@id': {'_29C7D946-2BEB-4331-B25B-A2C078AEC9B2'}}"
"_A34F4842-0DFD-4FE1-9102-41734E4E37F2","","","bus_8_12_47_f2","",,,"","","","","[{'@type': {'ConnectivityNode'}, '@id': {'_38118D32-5E9B-4A0E-A360-F861FFA1CBF9'}}]","","","","","{'@type': {'TopologicalIsland'}, '@id': {'_29C7D946-2BEB-4331-B25B-A2C078AEC9B2'}}"
"_1D092030-6332-478E-8D82-3EE14DF3011E","","","bus_7_12_47kv","",,,"","","","","[{'@type': {'ConnectivityNode'}, '@id': {'_3BC0FAD1-B6E3-4C0D-AA58-7B17ED2654C3'}}]","","","","","{'@type': {'TopologicalIsland'}, '@id': {'_29C7D946-2BEB-4331-B25B-A2C078AEC9B2'}}"
"_AA07528C-D2A1-47E7-BA98-B126D91F3858","","","bus_10_4kv","",,,"","","","","[{'@type': {'ConnectivityNode'}, '@id': {'_3C88781D-9073-443B-919A-C076A68AF5D5'}}]","","","","","{'@type': {'TopologicalIsland'}, '@id': {'_29C7D946-2BEB-4331-B25B-A2C078AEC9B2'}}"
"_328CFB09-9705-4E7B-B424-60E668E83686","","","bus_4_115kv","",,,"","","","","[{'@type': {'ConnectivityNode'}, '@id': {'_448425EB-BED8-4D48-AD01-45CD3FD3F589'}}]","","","","","{'@type': {'TopologicalIsland'}, '@id': {'_29C7D946-2BEB-4331-B25B-A2C078AEC9B2'}}"
"_65489397-653A-4305-B45B-1B03BC010177","","","bus_10_4_f2","",,,"","","","","[{'@type': {'ConnectivityNode'}, '@id': {'_4664F7E9-D74E-4D39-91B1-A700D4D9F6F8'}}]","","","","","{'@type': {'TopologicalIsland'}, '@id': {'_29C7D946-2BEB-4331-B25B-A2C078AEC9B2'}}"
"_93115917-AC6B-400B-B147-4D9424B10967","","","bus_8_12_47_f3","",,,"","","","","[{'@type': {'ConnectivityNode'}, '@id': {'_5AE2E30B-6A55-4FA7-BF02-35241CEC0C5B'}}]","","","","","{'@type': {'TopologicalIsland'}, '@id': {'_29C7D946-2BEB-4331-B25B-A2C078AEC9B2'}}"
"_A4A5732E-9D6C-4B28-A2BE-4F7621A8C58C","","","bus_9_4_f1","",,,"","","","","[{'@type': {'ConnectivityNode'}, '@id': {'_79930179-4C61-4DCD-9097-45AC7DE883D6'}}]","","","","","{'@type': {'TopologicalIsland'}, '@id': {'_29C7D946-2BEB-4331-B25B-A2C078AEC9B2'}}"
"_084E0A22-775F-46BA-90D2-0D5F0773DDA9","","","bus_10_4_f1","",,,"","","","","[{'@type': {'ConnectivityNode'}, '@id': {'_7D70A3D4-E20C-4B73-8FAC-8996CC361E20'}}]","","","","","{'@type': {'TopologicalIsland'}, '@id': {'_29C7D946-2BEB-4331-B25B-A2C078AEC9B2'}}"
"_1144659C-F090-41DA-BFBD-0A1B248F4C94","","","bus_8_12_47kv","",,,"","","","","[{'@type': {'ConnectivityNode'}, '@id': {'_7E6D4591-3F54-4028-8CC3-53A36552D78A'}}]","","","","","{'@type': {'TopologicalIsland'}, '@id': {'_29C7D946-2BEB-4331-B25B-A2C078AEC9B2'}}"
"_9657A1F4-5032-45B6-B6B5-38EF19CA6A77","","","bus_6_34_5kv","",,,"","","","","[{'@type': {'ConnectivityNode'}, '@id': {'_7E76273A-9AA4-4C8B-B6A3-B47CA3C3B5F2'}}]","","","","","{'@type': {'TopologicalIsland'}, '@id': {'_29C7D946-2BEB-4331-B25B-A2C078AEC9B2'}}"
"_1AD5A91A-7362-49F6-8082-6D9DBCDA5B94","","","bus_2_230kv","",,,"","","","","[{'@type': {'ConnectivityNode'}, '@id': {'_8926086B-6E02-4DB1-AA63-7A2DE6988437'}}]","","","","","{'@type': {'TopologicalIsland'}, '@id': {'_29C7D946-2BEB-4331-B25B-A2C078AEC9B2'}}"
"_FE19348A-6A43-404C-AC16-B275F028D906","","","bus_1_230kv","",,,"{'@type': {'TopologicalIsland'}, '@id': {'_29C7D946-2BEB-4331-B25B-A2C078AEC9B2'}}","","","","[{'@type': {'ConnectivityNode'}, '@id': {'_8C92653F-13A3-4E63-BB77-2287ACA2CBB9'}}]","","","","","{'@type': {'TopologicalIsland'}, '@id': {'_29C7D946-2BEB-4331-B25B-A2C078AEC9B2'}}"
"_A55FF8F5-FF5E-4AE7-8CBD-F0AA2A4F6443","","","bus_5_34_5kv","",,,"","","","","[{'@type': {'ConnectivityNode'}, '@id': {'_8D00F697-47DB-4172-9FF1-FF048EDFA504'}}]","","","","","{'@type': {'TopologicalIsland'}, '@id': {'_29C7D946-2BEB-4331-B25B-A2C078AEC9B2'}}"
"_EBD39FD8-DEC8-4C3F-9EA7-62D31FB80C25","","","bus_8_12_47_f1","",,,"","","","","[{'@type': {'ConnectivityNode'}, '@id': {'_922BDBF2-A4AD-454B-922B-9BBC680FCEA7'}}]","","","","","{'@type': {'TopologicalIsland'}, '@id': {'_29C7D946-2BEB-4331-B25B-A2C078AEC9B2'}}"
"_239F05D6-B663-4D9E-86CD-625045F8B88D","","","bus_7_12_47_f1","",,,"","","","","[{'@type': {'ConnectivityNode'}, '@id': {'_B7A60D0E-5129-47B3-8B0E-00DD217FA194'}}]","","","","","{'@type': {'TopologicalIsland'}, '@id': {'_29C7D946-2BEB-4331-B25B-A2C078AEC9B2'}}"
"_0AF5AC03-0B72-4D1F-BCC9-F62B4006E358","","","bus_7_12_47_f3","",,,"","","","","[{'@type': {'ConnectivityNode'}, '@id': {'_D491FA14-7DD1-438F-B132-7F4917AFCF19'}}]","","","","","{'@type': {'TopologicalIsland'}, '@id': {'_29C7D946-2BEB-4331-B25B-A2C078AEC9B2'}}"
"_BD5BD9DA-BFC4-476C-8BEC-A305D7BF5EF1","","","bus_1_230kv_gen","",,,"","","","","[{'@type': {'ConnectivityNode'}, '@id': {'_D83FEB64-24C1-42BA-8DEE-D7E1E226BC26'}}]","","","","","{'@type': {'TopologicalIsland'}, '@id': {'_29C7D946-2BEB-4331-B25B-A2C078AEC9B2'}}"
"_4026F258-1CE0-4A2B-B869-3A840215ED05","","","bus_9_4_f2","",,,"","","","","[{'@type': {'ConnectivityNode'}, '@id': {'_D9255620-8A04-49C4-A213-F3F9E480F18E'}}]","","","","","{'@type': {'TopologicalIsland'}, '@id': {'_29C7D946-2BEB-4331-B25B-A2C078AEC9B2'}}"
"_23DBCBBF-47D6-48EF-B7FE-8AB9A6D0EFC6","","","bus_7_12_47_f4","",,,"","","","","[{'@type': {'ConnectivityNode'}, '@id': {'_F819B704-AC99-4950-B551-DCA6C7DEE711'}}]","","","","","{'@type': {'TopologicalIsland'}, '@id': {'_29C7D946-2BEB-4331-B25B-A2C078AEC9B2'}}"
