mRID,aliasName,description,name,Names,r,r0,x,x0,FromTransformerEnd,FromTransformerEndInfo,ToTransformerEnd,ToTransformerEndInfos
"_800476F9-B253-4006-837F-5CB08443E296","","","xfmr34_4_1_Zsc_1","",0.119025,0.119025,2.023425,2.023425,"{'@type': {'PowerTransformerEnd'}, '@id': {'_010EDE84-E5A5-404D-8F0E-96D97EADB4A5'}}","","[{'@type': {'PowerTransformerEnd'}, '@id': {'_8F7DFE87-FF91-46E9-A921-D2A2C92E5B39'}}]",""
"_56009F51-71D9-4331-9D71-6035986C3041","","","xfmr34_4_2_Zsc_1","",0.119025,0.119025,1.4283,1.4283,"{'@type': {'PowerTransformerEnd'}, '@id': {'_2E58A13C-3F3E-4B95-8D06-7EF5CEB59871'}}","","[{'@type': {'PowerTransformerEnd'}, '@id': {'_AE4B698C-ADE4-4C05-B166-6634C344EB05'}}]",""
"_AA3475E1-D921-49BB-A124-5A5D389E3102","","","xfmr115_34_1_Zsc_1","",0.198375,0.198375,5.15775,5.15775,"{'@type': {'PowerTransformerEnd'}, '@id': {'_6C84AC2F-35F9-47F8-BA22-B45CC7F69F4F'}}","","[{'@type': {'PowerTransformerEnd'}, '@id': {'_31B1DF01-AD15-4AC0-87C3-C7065F8015C7'}}]",""
"_648AC09D-092E-48F4-998F-FF85CA21A462","","","xfmr34_12_2_Zsc_1","",0.0119025,0.0119025,0.833175,0.833175,"{'@type': {'PowerTransformerEnd'}, '@id': {'_491EE8B9-8D1E-4732-82F4-5CBC2463DF67'}}","","[{'@type': {'PowerTransformerEnd'}, '@id': {'_7D66AB5A-8A56-43DE-AF53-406A6B081A74'}}]",""
"_B07D886E-060B-41E9-A847-0CC0AAF09663","","","xfmr34_12_1_Zsc_1","",0.01309275,0.01309275,0.6546375,0.6546375,"{'@type': {'PowerTransformerEnd'}, '@id': {'_CAE586B4-213B-4205-AFCB-47A6915C39F8'}}","","[{'@type': {'PowerTransformerEnd'}, '@id': {'_6139CBB9-7304-4104-80D9-21BAD169BF41'}}]",""
"_29CDC8C4-C73E-4BD2-8CF9-73A07E66509A","","","xfmr230_115_1_Zsc_1","",2.116,2.116,17.986,17.986,"{'@type': {'PowerTransformerEnd'}, '@id': {'_E4C3CEBC-C9C8-4F49-9ED4-894F222DD388'}}","","[{'@type': {'PowerTransformerEnd'}, '@id': {'_6A5164C0-165D-4C23-AAFF-767791021CEF'}}]",""
"_A4865018-63D0-4FA1-8C7A-00B4528246A4","","","xfmr115_34_2_Zsc_1","",0.2116,0.2116,5.95125,5.95125,"{'@type': {'PowerTransformerEnd'}, '@id': {'_729834B2-65C5-4AE6-8A45-E4847B251462'}}","","[{'@type': {'PowerTransformerEnd'}, '@id': {'_B9EB6911-8980-4356-B965-19C75D7032C8'}}]",""
"_AAA790F6-8321-4FB3-8FD1-AF27102FD8DB","","","xfmr230_115_2_Zsc_1","",3.174,3.174,19.044,19.044,"{'@type': {'PowerTransformerEnd'}, '@id': {'_E14B2A5D-A584-4187-BAB5-6A707D919E4C'}}","","[{'@type': {'PowerTransformerEnd'}, '@id': {'_81506358-1C02-4407-B510-28C0D8A4E14E'}}]",""
