mRID,aliasName,description,name,Names,b,b0,g,g0,TransformerEnd,TransformerEndInfo
"_EF926EB9-15A7-4523-97F9-5A7164CB2C9A","","","xfmr34_4_1_Yc","",0,0,0,0,"[{'@type': {'PowerTransformerEnd'}, '@id': {'_010EDE84-E5A5-404D-8F0E-96D97EADB4A5'}}]",""
"_B47F1E85-97E6-44D2-9054-FD9E6FB0B1A2","","","xfmr34_4_2_Yc","",0,0,0,0,"[{'@type': {'PowerTransformerEnd'}, '@id': {'_2E58A13C-3F3E-4B95-8D06-7EF5CEB59871'}}]",""
"_8B8CCCEE-F417-479B-A1ED-08D931BCE2ED","","","xfmr34_12_2_Yc","",0,0,0,0,"[{'@type': {'PowerTransformerEnd'}, '@id': {'_491EE8B9-8D1E-4732-82F4-5CBC2463DF67'}}]",""
"_207F784B-278B-4457-8892-7618A26BD90F","","","xfmr115_34_1_Yc","",0,0,0,0,"[{'@type': {'PowerTransformerEnd'}, '@id': {'_6C84AC2F-35F9-47F8-BA22-B45CC7F69F4F'}}]",""
"_9FE98189-390B-4B8C-B3A4-F6F717D30687","","","xfmr115_34_2_Yc","",0,0,0,0,"[{'@type': {'PowerTransformerEnd'}, '@id': {'_729834B2-65C5-4AE6-8A45-E4847B251462'}}]",""
"_26821540-12B8-4354-8D77-D5D7833660F9","","","xfmr34_12_1_Yc","",0,0,0,0,"[{'@type': {'PowerTransformerEnd'}, '@id': {'_CAE586B4-213B-4205-AFCB-47A6915C39F8'}}]",""
"_E6F17B2F-461A-4F52-8118-86FD115B1CCC","","","xfmr230_115_2_Yc","",0,0,0,0,"[{'@type': {'PowerTransformerEnd'}, '@id': {'_E14B2A5D-A584-4187-BAB5-6A707D919E4C'}}]",""
"_0C8CC2F9-B8B0-43BE-9E7F-264DD97D9D95","","","xfmr230_115_1_Yc","",0,0,0,0,"[{'@type': {'PowerTransformerEnd'}, '@id': {'_E4C3CEBC-C9C8-4F49-9ED4-894F222DD388'}}]",""
