mRID,aliasName,description,name,Names,AssetDatasheet,Assets,ConfigurationEvent,Controls,Location,Measurements,OperatingShare,PSRType,ReportingGroup,ConnectivityNodes,TopologicalNode,AdditionalGroupedEquipment,Equipments,highVoltageLimit,lowVoltageLimit,BaseVoltage,Bays,Substation
"_D71C0860-1D62-4ECD-8239-6949B849DD8B","","","SUB1_34.5_B1","","","","","","","","","","","[{'@type': {'ConnectivityNode'}, '@id': {'_8D00F697-47DB-4172-9FF1-FF048EDFA504'}}]","","","[{'@type': {'PowerElectronicsConnection'}, '@id': {'_B8384E2C-A236-4636-9E5F-363B3208E928'}}, {'@type': {'EnergyConsumer'}, '@id': {'_41D30B47-030B-4242-B926-A1A7537886AC'}}]",40,30,"{'@type': {'BaseVoltage'}, '@id': {'_C091A979-AA6F-45DC-846C-2F0256A63939'}}","","{'@type': {'Substation'}, '@id': {'_FBE667A8-D26D-4B6B-AF9D-74AE20E96040'}}"
"_F9A52713-FEA8-4002-9AF7-72B85DC5C748","","","SUB1_12.47_B1","","","","","","","","","","","[{'@type': {'ConnectivityNode'}, '@id': {'_7E6D4591-3F54-4028-8CC3-53A36552D78A'}}, {'@type': {'ConnectivityNode'}, '@id': {'_3BC0FAD1-B6E3-4C0D-AA58-7B17ED2654C3'}}]","","","",40,30,"{'@type': {'BaseVoltage'}, '@id': {'_E948842C-AAF0-4D10-80F5-C5A27B974348'}}","","{'@type': {'Substation'}, '@id': {'_FBE667A8-D26D-4B6B-AF9D-74AE20E96040'}}"
"_E4396829-62BB-4E93-A3FF-823BD6EA9966","","","SUB1_115.0_B1","","","","","","","","","","","[{'@type': {'ConnectivityNode'}, '@id': {'_0D55BF72-F120-4F78-BB1C-BEA724891508'}}]","","","",121,109,"{'@type': {'BaseVoltage'}, '@id': {'_3F53ADB0-BF5C-4D1F-8B8A-4AA7391F743F'}}","","{'@type': {'Substation'}, '@id': {'_FBE667A8-D26D-4B6B-AF9D-74AE20E96040'}}"
"_BB020444-ED1C-4F8A-B47B-1EC9EAB81445","","","SUB1_230.0_B1","","","","","","","","","","","[{'@type': {'ConnectivityNode'}, '@id': {'_D83FEB64-24C1-42BA-8DEE-D7E1E226BC26'}}, {'@type': {'ConnectivityNode'}, '@id': {'_8C92653F-13A3-4E63-BB77-2287ACA2CBB9'}}]","","","[{'@type': {'EnergySource'}, '@id': {'_32E2D453-1D77-445B-AEE3-C7D24CCDE684'}}, {'@type': {'SynchronousMachine'}, '@id': {'_8392C7A6-3018-4031-97CF-475B2902B944'}}, {'@type': {'Breaker'}, '@id': {'_276809DF-6493-4DAE-A7BB-AD78A5F0DA95'}}]",242,218,"{'@type': {'BaseVoltage'}, '@id': {'_91E72B6A-E509-4A00-B80E-723CF1324E43'}}","","{'@type': {'Substation'}, '@id': {'_FBE667A8-D26D-4B6B-AF9D-74AE20E96040'}}"
"_32FF3457-F88F-4D4C-9026-95166B58B282","","","SUB2_4.16_B1","","","","","","","","","","","[{'@type': {'ConnectivityNode'}, '@id': {'_2D0DB373-22C7-4529-88AD-197B9FB5CBA8'}}, {'@type': {'ConnectivityNode'}, '@id': {'_3C88781D-9073-443B-919A-C076A68AF5D5'}}]","","","",4.6,3.7,"{'@type': {'BaseVoltage'}, '@id': {'_03C398DD-5CD0-4DA8-BB6B-457CC1169E5D'}}","","{'@type': {'Substation'}, '@id': {'_FBE667A8-D26D-4B6B-AF9D-74AE20E96041'}}"
"_87F09996-B5CC-451F-A012-8195E55E4A32","","","SUB2_115.0_B1","","","","","","","","","","","[{'@type': {'ConnectivityNode'}, '@id': {'_448425EB-BED8-4D48-AD01-45CD3FD3F589'}}]","","","",121,109,"{'@type': {'BaseVoltage'}, '@id': {'_3F53ADB0-BF5C-4D1F-8B8A-4AA7391F743F'}}","","{'@type': {'Substation'}, '@id': {'_FBE667A8-D26D-4B6B-AF9D-74AE20E96041'}}"
"_C1965A85-9744-405D-BCF8-E17ADF0D320A","","","SUB2_230.0_B1","","","","","","","","","","","[{'@type': {'ConnectivityNode'}, '@id': {'_8926086B-6E02-4DB1-AA63-7A2DE6988437'}}]","","","",242,218,"{'@type': {'BaseVoltage'}, '@id': {'_91E72B6A-E509-4A00-B80E-723CF1324E43'}}","","{'@type': {'Substation'}, '@id': {'_FBE667A8-D26D-4B6B-AF9D-74AE20E96041'}}"
"_2D26FF59-D009-4584-9DBC-BA88403E87DB","","","SUB2_34.5_B1","","","","","","","","","","","[{'@type': {'ConnectivityNode'}, '@id': {'_7E76273A-9AA4-4C8B-B6A3-B47CA3C3B5F2'}}]","","","[{'@type': {'EnergyConsumer'}, '@id': {'_4E4CC4DC-A2AF-4299-8A5D-27F7C6602593'}}]",40,30,"{'@type': {'BaseVoltage'}, '@id': {'_C091A979-AA6F-45DC-846C-2F0256A63939'}}","","{'@type': {'Substation'}, '@id': {'_FBE667A8-D26D-4B6B-AF9D-74AE20E96041'}}"
