mRID,aliasName,description,name,Names,OperationalLimitSet,OperationalLimitType,normalValue,value
"_3341DCAF-DE54-42B4-B32F-15BA15C23828","","","OpLimV_230.0000_RangeALo","","{'@type': {'OperationalLimitSet'}, '@id': {'_00A857E9-F993-40B7-85A3-8A5B62DF2677'}}","{'@type': {'OperationalLimitType'}, '@id': {'_0370D97A-CFBB-4B7D-B29E-5F9F0FC99CDE'}}",,218500
"_70146217-DE76-47BD-8A11-77FF44923C43","","","OpLimV_230.0000_RangeBHi","","{'@type': {'OperationalLimitSet'}, '@id': {'_00A857E9-F993-40B7-85A3-8A5B62DF2677'}}","{'@type': {'OperationalLimitType'}, '@id': {'_854B4983-DA04-4E60-84AB-0982C69CDDDE'}}",,243416.66
"_6A5E0805-1130-4A3D-9D3F-1C0E5F4B940C","","","OpLimV_230.0000_RangeBLo","","{'@type': {'OperationalLimitSet'}, '@id': {'_00A857E9-F993-40B7-85A3-8A5B62DF2677'}}","{'@type': {'OperationalLimitType'}, '@id': {'_0DD6C023-191D-493F-895B-1D387309C2EF'}}",,210833.34
"_0FD73221-216D-4DD3-A775-85DFB6E03F61","","","OpLimV_230.0000_RangeAHi","","{'@type': {'OperationalLimitSet'}, '@id': {'_00A857E9-F993-40B7-85A3-8A5B62DF2677'}}","{'@type': {'OperationalLimitType'}, '@id': {'_F3C37241-6CA0-42BC-A1DF-0157803617C6'}}",,241500
"_B121A8B6-5720-4B76-91D8-6CA398AFD2D7","","","OpLimV_12.4700_RangeBHi","","{'@type': {'OperationalLimitSet'}, '@id': {'_6D333522-4984-4B4E-BE3B-AC5ECC98F883'}}","{'@type': {'OperationalLimitType'}, '@id': {'_854B4983-DA04-4E60-84AB-0982C69CDDDE'}}",,13197.416
"_F07B3580-F887-4201-8783-85199144B02B","","","OpLimV_12.4700_RangeALo","","{'@type': {'OperationalLimitSet'}, '@id': {'_6D333522-4984-4B4E-BE3B-AC5ECC98F883'}}","{'@type': {'OperationalLimitType'}, '@id': {'_0370D97A-CFBB-4B7D-B29E-5F9F0FC99CDE'}}",,11846.5
"_949EFF00-4AA6-4148-9972-D921A5DBE220","","","OpLimV_12.4700_RangeAHi","","{'@type': {'OperationalLimitSet'}, '@id': {'_6D333522-4984-4B4E-BE3B-AC5ECC98F883'}}","{'@type': {'OperationalLimitType'}, '@id': {'_F3C37241-6CA0-42BC-A1DF-0157803617C6'}}",,13093.5
"_3DF927EF-4759-4A17-8AE9-819E86B42A69","","","OpLimV_12.4700_RangeBLo","","{'@type': {'OperationalLimitSet'}, '@id': {'_6D333522-4984-4B4E-BE3B-AC5ECC98F883'}}","{'@type': {'OperationalLimitType'}, '@id': {'_0DD6C023-191D-493F-895B-1D387309C2EF'}}",,11430.834
"_41709D2F-C6C4-46A5-8971-1923F5C39548","","","OpLimV_4.1600_RangeBLo","","{'@type': {'OperationalLimitSet'}, '@id': {'_7B32F7CF-9AB8-4AB3-BAA6-21C5D78EA043'}}","{'@type': {'OperationalLimitType'}, '@id': {'_0DD6C023-191D-493F-895B-1D387309C2EF'}}",,3813.3335
"_609F80C8-AAC7-472B-BE61-A9133DD127B1","","","OpLimV_4.1600_RangeBHi","","{'@type': {'OperationalLimitSet'}, '@id': {'_7B32F7CF-9AB8-4AB3-BAA6-21C5D78EA043'}}","{'@type': {'OperationalLimitType'}, '@id': {'_854B4983-DA04-4E60-84AB-0982C69CDDDE'}}",,4402.6665
"_92BE9F9F-E908-4216-BA49-377AA19F3D6A","","","OpLimV_4.1600_RangeAHi","","{'@type': {'OperationalLimitSet'}, '@id': {'_7B32F7CF-9AB8-4AB3-BAA6-21C5D78EA043'}}","{'@type': {'OperationalLimitType'}, '@id': {'_F3C37241-6CA0-42BC-A1DF-0157803617C6'}}",,4368
"_45EAB337-8EA4-40A1-B843-5EBF962165E4","","","OpLimV_4.1600_RangeALo","","{'@type': {'OperationalLimitSet'}, '@id': {'_7B32F7CF-9AB8-4AB3-BAA6-21C5D78EA043'}}","{'@type': {'OperationalLimitType'}, '@id': {'_0370D97A-CFBB-4B7D-B29E-5F9F0FC99CDE'}}",,3952
"_3D2A0DA9-411A-4C97-87B8-8693B6919849","","","OpLimV_115.0000_RangeBLo","","{'@type': {'OperationalLimitSet'}, '@id': {'_7E3D8626-3504-4F34-AC8E-DF89BA545C38'}}","{'@type': {'OperationalLimitType'}, '@id': {'_0DD6C023-191D-493F-895B-1D387309C2EF'}}",,105416.67
"_59067F5E-2725-4C57-A0B2-D1C5492B874D","","","OpLimV_115.0000_RangeAHi","","{'@type': {'OperationalLimitSet'}, '@id': {'_7E3D8626-3504-4F34-AC8E-DF89BA545C38'}}","{'@type': {'OperationalLimitType'}, '@id': {'_F3C37241-6CA0-42BC-A1DF-0157803617C6'}}",,120750
"_7E2AAD40-0337-4BEE-8DB3-15B11CAE0484","","","OpLimV_115.0000_RangeBHi","","{'@type': {'OperationalLimitSet'}, '@id': {'_7E3D8626-3504-4F34-AC8E-DF89BA545C38'}}","{'@type': {'OperationalLimitType'}, '@id': {'_854B4983-DA04-4E60-84AB-0982C69CDDDE'}}",,121708.33
"_BEBF26AD-E99A-4D2E-9C72-FCA4C4EAD2E8","","","OpLimV_115.0000_RangeALo","","{'@type': {'OperationalLimitSet'}, '@id': {'_7E3D8626-3504-4F34-AC8E-DF89BA545C38'}}","{'@type': {'OperationalLimitType'}, '@id': {'_0370D97A-CFBB-4B7D-B29E-5F9F0FC99CDE'}}",,109250
"_79B90425-2DFC-4E19-8971-A8B7D69C1DB8","","","OpLimV_34.5000_RangeBLo","","{'@type': {'OperationalLimitSet'}, '@id': {'_999D43F6-20CE-4045-96F4-7A52447A3AB0'}}","{'@type': {'OperationalLimitType'}, '@id': {'_0DD6C023-191D-493F-895B-1D387309C2EF'}}",,31625.001
"_4D1691AE-2351-43CB-B2DE-04E3A1EF9E70","","","OpLimV_34.5000_RangeBHi","","{'@type': {'OperationalLimitSet'}, '@id': {'_999D43F6-20CE-4045-96F4-7A52447A3AB0'}}","{'@type': {'OperationalLimitType'}, '@id': {'_854B4983-DA04-4E60-84AB-0982C69CDDDE'}}",,36512.499
"_2E97E9C4-48EB-4BF8-A291-866F9F3E2EF4","","","OpLimV_34.5000_RangeALo","","{'@type': {'OperationalLimitSet'}, '@id': {'_999D43F6-20CE-4045-96F4-7A52447A3AB0'}}","{'@type': {'OperationalLimitType'}, '@id': {'_0370D97A-CFBB-4B7D-B29E-5F9F0FC99CDE'}}",,32775
"_48F1CB80-9CBA-42B3-8E2F-5226718F4076","","","OpLimV_34.5000_RangeAHi","","{'@type': {'OperationalLimitSet'}, '@id': {'_999D43F6-20CE-4045-96F4-7A52447A3AB0'}}","{'@type': {'OperationalLimitType'}, '@id': {'_F3C37241-6CA0-42BC-A1DF-0157803617C6'}}",,36225
